City_ID,City,Country,Date,Lat,Lng,Max Temp,Humidity,Cloudiness,Wind Speed
0,Sur,OM,2021-12-05 19:29:53,22.5667,59.5289,74.17,69,0,6.55
1,Tasiilaq,GL,2021-12-05 19:28:53,65.6145,-37.6368,30.27,83,97,35.5
2,Hilo,US,2021-12-05 19:30:43,19.7297,-155.09,77.29,96,90,4.61
3,Esso,RU,2021-12-05 19:33:02,55.9333,158.7,2.05,89,79,6.93
4,Cape Town,ZA,2021-12-05 19:29:01,-33.9258,18.4232,63.12,90,90,3.0
5,Hasaki,JP,2021-12-05 19:28:47,35.7333,140.8333,45.28,63,100,10.27
6,Kirkwood,US,2021-12-05 19:33:03,38.5834,-90.4068,60.78,83,90,5.01
7,Mastic Beach,US,2021-12-05 19:33:04,40.7668,-72.8521,49.12,44,1,1.01
8,Qaanaaq,GL,2021-12-05 19:26:57,77.484,-69.3632,19.45,73,100,6.29
9,Nikolskoye,RU,2021-12-05 19:24:29,59.7035,30.7861,3.02,96,13,5.28
10,Chipinge,ZW,2021-12-05 19:33:04,-20.1883,32.6236,68.54,80,49,9.44
11,Mar Del Plata,AR,2021-12-05 19:24:24,-38.0023,-57.5575,68.02,85,20,11.99
12,Saint George,US,2021-12-05 19:28:23,37.1041,-113.5841,69.53,37,1,0.0
13,Vardo,NO,2021-12-05 19:33:06,70.3705,31.1107,12.18,73,75,27.63
14,Albany,US,2021-12-05 19:25:40,42.6001,-73.9662,43.16,50,94,0.65
15,Chhatarpur,IN,2021-12-05 19:33:06,24.9,79.6,62.64,62,4,4.23
16,Port Alfred,ZA,2021-12-05 19:25:01,-33.5906,26.891,69.4,95,100,9.84
17,Cabo San Lucas,MX,2021-12-05 19:22:40,22.8909,-109.9124,84.51,63,40,8.05
18,Lethem,GY,2021-12-05 19:33:08,3.3803,-59.7968,90.0,47,100,11.16
19,Kruisfontein,ZA,2021-12-05 19:32:41,-34.0033,24.7314,67.89,85,97,7.63
20,Puerto Ayora,EC,2021-12-05 19:23:35,-0.7393,-90.3518,76.96,82,67,9.71
21,Half Moon Bay,US,2021-12-05 19:30:05,37.4636,-122.4286,66.61,85,1,1.99
22,Khatanga,RU,2021-12-05 19:33:09,71.9667,102.5,-15.14,96,100,10.4
23,Punta Arenas,CL,2021-12-05 19:22:39,-53.15,-70.9167,57.31,35,40,28.77
24,Hirara,JP,2021-12-05 19:33:10,24.8,125.2833,70.29,68,47,18.28
25,Atuona,PF,2021-12-05 19:24:59,-9.8,-139.0333,78.48,75,8,21.05
26,Mataura,NZ,2021-12-05 19:32:38,-46.1927,168.8643,48.47,88,99,3.22
27,Hofn,IS,2021-12-05 19:33:11,64.2539,-15.2082,42.44,78,100,30.06
28,Sao Filipe,CV,2021-12-05 19:28:16,14.8961,-24.4956,76.37,71,44,12.35
29,Kapaa,US,2021-12-05 19:26:50,22.0752,-159.319,73.72,74,20,1.01
30,Perth,AU,2021-12-05 19:29:33,-31.9333,115.8333,66.38,64,0,9.22
31,Krasnohrad,UA,2021-12-05 19:33:12,49.3814,35.4402,30.34,77,100,5.37
32,Bluff,NZ,2021-12-05 19:32:37,-46.6,168.3333,48.79,50,89,11.52
33,Busselton,AU,2021-12-05 19:24:23,-33.65,115.3333,61.05,83,29,15.75
34,Castro,BR,2021-12-05 19:33:13,-24.7911,-50.0119,68.41,76,92,9.93
35,Port Elizabeth,ZA,2021-12-05 19:27:08,-33.918,25.5701,70.11,94,0,3.44
36,New Norfolk,AU,2021-12-05 19:24:15,-42.7826,147.0587,51.3,66,91,2.62
37,Egvekinot,RU,2021-12-05 19:31:35,66.3167,-179.1667,2.05,81,100,29.21
38,Lupsanu,RO,2021-12-05 19:33:14,44.3833,26.9,39.67,90,24,3.04
39,Vanavara,RU,2021-12-05 19:33:14,60.34,102.2797,3.78,96,100,2.93
40,Constitucion,CL,2021-12-05 19:23:25,-35.3333,-72.4167,70.9,52,3,6.13
41,Vaini,TO,2021-12-05 19:25:38,-21.2,-175.2,77.16,94,75,8.05
42,Kavaratti,IN,2021-12-05 19:31:32,10.5669,72.642,81.21,72,52,11.83
43,Port Hedland,AU,2021-12-05 19:25:16,-20.3167,118.5667,89.65,37,100,14.97
44,Lebu,CL,2021-12-05 19:24:11,-37.6167,-73.65,65.05,61,0,13.58
45,Balaghat,IN,2021-12-05 19:34:17,21.8,80.1833,63.52,70,0,2.75
46,Mackay,AU,2021-12-05 19:31:23,-21.15,149.2,76.98,73,40,11.5
47,Rikitea,PF,2021-12-05 19:34:18,-23.1203,-134.9692,75.96,75,97,7.83
48,Ribeira Grande,PT,2021-12-05 19:26:51,38.5167,-28.7,64.8,68,40,8.05
49,Hobart,AU,2021-12-05 19:34:19,-42.8794,147.3294,52.27,75,40,1.01
50,Praia,CV,2021-12-05 19:34:19,14.9215,-23.5087,75.74,73,0,14.97
51,Columbus,US,2021-12-05 19:32:31,39.9612,-82.9988,49.82,56,90,1.01
52,Kahului,US,2021-12-05 19:26:55,20.8947,-156.47,75.22,70,90,3.44
53,Iralaya,HN,2021-12-05 19:34:21,15.0,-83.2333,86.09,78,24,8.68
54,Sitka,US,2021-12-05 19:34:21,57.0531,-135.33,35.49,75,90,8.05
55,Petropavlovsk-Kamchatskiy,RU,2021-12-05 19:34:22,53.0452,158.6483,19.99,63,75,6.71
56,Kundiawa,PG,2021-12-05 19:34:22,-6.0167,144.9667,58.91,98,40,0.51
57,Bredasdorp,ZA,2021-12-05 19:34:23,-34.5322,20.0403,62.28,94,100,6.96
58,Asau,RO,2021-12-05 19:34:23,46.4333,26.4,34.95,84,100,3.38
59,Cidreira,BR,2021-12-05 19:30:00,-30.1811,-50.2056,72.97,81,38,15.9
60,Bowen,AU,2021-12-05 19:34:24,-20.0167,148.2333,73.62,68,6,13.87
61,Fortuna,US,2021-12-05 19:25:40,40.5982,-124.1573,50.67,93,90,0.0
62,Thompson,CA,2021-12-05 19:31:21,55.7435,-97.8558,-14.64,70,20,9.22
63,Taunggyi,MM,2021-12-05 19:34:25,20.7833,97.0333,53.94,89,9,2.39
64,Tautira,PF,2021-12-05 19:34:26,-17.7333,-149.15,84.22,72,54,17.49
65,Chuy,UY,2021-12-05 19:24:27,-33.6971,-53.4616,71.78,65,93,11.92
66,San Patricio,US,2021-12-05 19:32:43,28.017,-97.5169,84.61,62,100,17.2
67,Quatre Cocos,MU,2021-12-05 19:34:26,-20.2078,57.7625,79.09,70,25,13.22
68,Beloha,MG,2021-12-05 19:28:25,-25.1667,45.05,75.79,78,0,6.11
69,Provideniya,RU,2021-12-05 19:34:27,64.3833,-173.3,30.61,98,100,26.91
70,Aklavik,CA,2021-12-05 19:25:45,68.2191,-135.0107,-13.97,69,20,6.91
71,Union De Reyes,CU,2021-12-05 19:34:28,22.7953,-81.5375,84.38,42,1,5.73
72,Mbekenyera,TZ,2021-12-05 19:34:28,-10.0,38.9833,73.53,86,100,5.12
73,Collipulli,CL,2021-12-05 19:31:28,-37.95,-72.4333,93.4,12,0,7.49
74,Faanui,PF,2021-12-05 19:26:56,-16.4833,-151.75,80.46,73,84,17.09
75,Tatarsk,RU,2021-12-05 19:34:29,55.219,75.9828,24.64,89,67,11.81
76,Ariquemes,BR,2021-12-05 19:34:30,-9.9133,-63.0408,75.85,97,100,1.21
77,Nishihara,JP,2021-12-05 19:34:30,26.1842,127.7558,67.28,66,75,10.36
78,Ormond Beach,US,2021-12-05 19:32:55,29.2858,-81.0559,82.17,59,20,6.91
79,Agirish,RU,2021-12-05 19:34:31,61.9247,63.0231,-6.32,98,100,2.91
80,Bambous Virieux,MU,2021-12-05 19:26:42,-20.3428,57.7575,79.21,73,40,8.05
81,Saskylakh,RU,2021-12-05 19:25:48,71.9167,114.0833,-23.33,95,100,9.73
82,Villarrica,PY,2021-12-05 19:34:31,-25.75,-56.4333,95.09,31,32,9.04
83,Anadyr,RU,2021-12-05 19:34:32,64.75,177.4833,14.5,92,90,31.0
84,Arraial Do Cabo,BR,2021-12-05 19:25:17,-22.9661,-42.0278,82.36,74,0,17.27
85,Grenville,GD,2021-12-05 19:34:33,12.1167,-61.6167,86.05,75,28,20.89
86,Teknaf,BD,2021-12-05 19:34:34,20.8624,92.3058,74.21,85,85,4.63
87,Lagoa,PT,2021-12-05 19:34:34,39.05,-27.9833,63.27,75,60,11.27
88,Tahta,EG,2021-12-05 19:30:51,26.7693,31.5021,60.55,50,100,6.26
89,Fairbanks,US,2021-12-05 19:35:02,64.8378,-147.7164,1.24,78,1,0.0
90,Koslan,RU,2021-12-05 19:31:05,63.4564,48.8989,13.33,91,89,7.09
91,Yichang,CN,2021-12-05 19:35:35,30.7144,111.2847,51.1,66,0,3.09
92,Upernavik,GL,2021-12-05 19:25:03,72.7868,-56.1549,27.75,73,100,1.41
93,Avera,US,2021-12-05 19:32:24,33.194,-82.5271,74.08,60,100,5.88
94,Ushuaia,AR,2021-12-05 19:35:36,-54.8,-68.3,46.06,71,75,18.41
95,Renfrew,GB,2021-12-05 19:34:59,55.872,-4.3925,31.96,90,40,1.14
96,Geraldton,AU,2021-12-05 19:35:37,-28.7667,114.6,68.41,83,3,14.97
97,Inhambane,MZ,2021-12-05 19:35:37,-23.865,35.3833,78.76,80,0,15.08
98,Ios,GR,2021-12-05 19:35:37,36.7333,25.2833,63.37,62,10,8.99
99,Salalah,OM,2021-12-05 19:31:13,17.0151,54.0924,73.49,56,0,4.61
100,Mongar,BT,2021-12-05 19:35:38,27.2747,91.2396,49.05,87,52,4.79
101,Tupik,RU,2021-12-05 19:35:39,54.4253,119.9327,10.83,58,2,13.8
102,Butaritari,KI,2021-12-05 19:26:59,3.0707,172.7902,82.02,81,100,13.98
103,Mount Gambier,AU,2021-12-05 19:25:49,-37.8333,140.7667,44.51,93,100,0.0
104,Iqaluit,CA,2021-12-05 19:28:55,63.7506,-68.5145,10.13,66,90,25.01
105,Black Diamond,US,2021-12-05 19:30:40,47.3087,-122.0032,40.33,92,96,1.01
106,Port Blair,IN,2021-12-05 19:34:28,11.6667,92.75,78.37,73,10,8.95
107,Carnarvon,AU,2021-12-05 19:28:23,-24.8667,113.6333,75.27,69,0,18.41
108,Yoichi,JP,2021-12-05 19:31:26,43.2039,140.7703,26.22,78,52,9.98
109,Mahebourg,MU,2021-12-05 19:35:41,-20.4081,57.7,79.25,73,40,8.05
110,Esperance,AU,2021-12-05 19:35:41,-33.8667,121.9,60.64,75,69,11.97
111,Georgetown,MY,2021-12-05 19:27:07,5.4112,100.3354,78.89,80,20,6.91
112,Shelburne,CA,2021-12-05 19:28:21,44.0787,-80.2041,29.28,83,100,11.86
113,Tezu,IN,2021-12-05 19:35:42,27.9167,96.1667,65.82,58,100,3.62
114,Luderitz,NA,2021-12-05 19:35:42,-26.6481,15.1594,62.28,84,0,14.09
115,Pisco,PE,2021-12-05 19:35:43,-13.7,-76.2167,71.65,73,40,6.91
116,Hastings,GB,2021-12-05 19:35:44,50.8552,0.5729,43.81,80,47,21.63
117,Pogar,RU,2021-12-05 19:35:44,52.554,33.2591,26.06,91,100,5.73
118,Ponta Do Sol,PT,2021-12-05 19:35:45,32.6667,-17.1,66.83,73,64,7.47
119,College,US,2021-12-05 19:35:45,64.8569,-147.8028,1.22,78,75,0.0
120,Bethel,US,2021-12-05 19:35:46,41.3712,-73.414,47.12,38,1,3.44
121,Qandala,SO,2021-12-05 19:35:47,11.472,49.8728,75.74,68,10,6.11
122,Yellowknife,CA,2021-12-05 19:34:30,62.456,-114.3525,-17.72,84,20,9.22
123,Meulaboh,ID,2021-12-05 19:31:05,4.1363,96.1285,76.21,87,98,3.94
124,Wakkanai,JP,2021-12-05 19:35:47,45.4094,141.6739,44.38,79,100,32.19
125,Matagami,CA,2021-12-05 19:35:48,49.7502,-77.6328,8.71,78,90,6.91
126,Antofagasta,CL,2021-12-05 19:31:42,-23.65,-70.4,65.48,64,26,8.32
127,Batemans Bay,AU,2021-12-05 19:35:48,-35.7167,150.1833,58.1,66,99,3.02
128,Bandarbeyla,SO,2021-12-05 19:35:49,9.4942,50.8122,77.31,63,5,17.76
129,Sohag,EG,2021-12-05 19:35:50,26.557,31.6948,59.68,49,100,5.35
130,Codrington,AU,2021-12-05 19:35:50,-38.2667,141.9667,49.44,82,99,6.08
131,Pangnirtung,CA,2021-12-05 19:35:51,66.1451,-65.7125,17.6,93,90,16.11
132,Najran,SA,2021-12-05 19:29:48,17.4924,44.1277,57.85,33,0,1.57
133,Bengkulu,ID,2021-12-05 19:36:52,-3.8004,102.2655,74.79,91,97,8.48
134,Goure,NE,2021-12-05 19:36:53,13.9835,10.2704,78.03,13,5,9.48
135,Lompoc,US,2021-12-05 19:36:54,34.6391,-120.4579,78.08,57,1,0.0
136,Clonakilty,IE,2021-12-05 19:36:54,51.6231,-8.8706,40.21,78,100,8.61
137,Bulgan,MN,2021-12-05 19:36:09,48.8125,103.5347,19.33,47,9,3.8
138,Altay,CN,2021-12-05 19:36:55,47.8667,88.1167,32.23,56,100,6.2
139,Lourdes,FR,2021-12-05 19:36:56,43.1,-0.05,38.95,87,75,13.8
140,Sungaipenuh,ID,2021-12-05 19:36:57,-2.0833,101.3833,63.86,96,100,1.52
141,East London,ZA,2021-12-05 19:34:58,-33.0153,27.9116,69.42,98,100,5.93
142,Waipawa,NZ,2021-12-05 19:36:57,-41.4122,175.5153,53.46,97,100,8.7
143,Morant Bay,JM,2021-12-05 19:36:58,17.8815,-76.4093,87.42,74,78,12.88
144,Sompeta,IN,2021-12-05 19:29:45,18.9333,84.6,73.67,90,100,2.28
145,Baykit,RU,2021-12-05 19:36:59,61.67,96.37,-3.82,96,100,2.91
146,Buraydah,SA,2021-12-05 19:34:59,26.326,43.975,61.25,22,10,12.08
147,Noumea,NC,2021-12-05 19:35:27,-22.2763,166.4572,80.01,99,100,10.16
148,Jamestown,US,2021-12-05 19:36:50,42.097,-79.2353,42.53,52,90,5.99
149,Carutapera,BR,2021-12-05 19:31:02,-1.195,-46.02,83.26,72,13,9.33
150,Vao,NC,2021-12-05 19:37:00,-22.6667,167.4833,74.39,83,100,20.6
151,Adrar,MR,2021-12-05 19:37:00,20.5022,-10.0711,65.37,12,100,9.98
152,Floreffe,BE,2021-12-05 19:37:01,50.4347,4.7585,39.43,87,97,0.29
153,Omsukchan,RU,2021-12-05 19:37:01,62.5333,155.8,-32.15,98,85,3.33
154,Waingapu,ID,2021-12-05 19:29:38,-9.6567,120.2641,78.82,83,100,4.34
155,Longyearbyen,SJ,2021-12-05 19:37:02,78.2186,15.6401,15.64,73,75,11.5
156,Tuatapere,NZ,2021-12-05 19:37:03,-46.1333,167.6833,48.81,74,100,4.32
157,Constantine,DZ,2021-12-05 19:37:03,36.365,6.6147,42.21,87,75,27.63
158,Hanzhong,CN,2021-12-05 19:37:04,33.0728,107.0303,44.33,65,0,1.23
159,Grindavik,IS,2021-12-05 19:37:04,63.8424,-22.4338,43.27,100,90,19.57
160,Trairi,BR,2021-12-05 19:33:17,-3.2778,-39.2689,83.19,71,10,13.33
161,Ulaangom,MN,2021-12-05 19:37:05,49.9811,92.0667,5.79,80,100,5.08
162,Victoria,HK,2021-12-05 19:27:21,22.2855,114.1577,65.25,66,92,5.01
163,Ust-Kulom,RU,2021-12-05 19:37:06,61.6864,53.6902,-10.52,98,42,5.06
164,Itarema,BR,2021-12-05 19:37:06,-2.9248,-39.9167,83.08,73,12,18.63
165,Mikhaylovka,RU,2021-12-05 19:37:06,50.06,43.2379,28.71,95,24,8.75
166,Elat,IL,2021-12-05 19:37:07,29.5581,34.9482,66.04,30,0,4.61
167,Qaqortoq,GL,2021-12-05 19:37:07,60.7167,-46.0333,28.9,86,100,9.84
168,Barcelona,ES,2021-12-05 19:37:08,41.3888,2.159,49.86,53,20,5.99
169,Hermanus,ZA,2021-12-05 19:37:08,-34.4187,19.2345,62.91,94,100,11.86
170,Gwadar,PK,2021-12-05 19:37:09,25.1216,62.3254,74.62,31,0,8.43
171,Ilulissat,GL,2021-12-05 19:37:09,69.2167,-51.1,33.82,51,75,16.11
172,Nanakuli,US,2021-12-05 19:37:10,21.3906,-158.1547,72.77,78,90,0.0
173,Jacareacanga,BR,2021-12-05 19:37:10,-6.2222,-57.7528,80.91,87,95,3.06
174,Burnie,AU,2021-12-05 19:32:22,-41.0667,145.9167,55.17,79,89,13.65
175,Karratha,AU,2021-12-05 19:38:11,-20.7377,116.8463,85.06,34,20,15.61
176,Shimoda,JP,2021-12-05 19:38:11,34.6667,138.95,48.11,83,100,15.05
177,Mumford,GH,2021-12-05 19:38:12,5.2618,-0.759,81.66,84,100,12.95
178,Montesilvano,IT,2021-12-05 19:38:12,42.5039,14.138,48.0,77,75,3.44
179,Barranca,PE,2021-12-05 19:38:13,-10.75,-77.7667,68.68,78,100,9.95
180,Luanda,AO,2021-12-05 19:33:26,-8.8368,13.2343,78.82,83,71,10.74
181,Cherskiy,RU,2021-12-05 19:38:13,68.75,161.3,-47.16,100,84,4.68
182,Farah,AF,2021-12-05 19:38:14,32.5,62.5,45.93,47,0,2.57
183,Tiksi,RU,2021-12-05 19:38:14,71.6872,128.8694,-13.54,91,100,6.76
184,Bambanglipuro,ID,2021-12-05 19:38:15,-7.95,110.2833,64.6,89,99,5.26
185,Alanya,TR,2021-12-05 19:38:15,36.5438,31.9998,55.53,65,0,7.0
186,Palmer,US,2021-12-05 19:38:15,42.1584,-72.3287,46.08,44,75,5.75
187,Dingle,PH,2021-12-05 19:38:16,10.9995,122.6711,71.33,91,42,6.85
188,Tuktoyaktuk,CA,2021-12-05 19:38:16,69.4541,-133.0374,-20.2,76,75,6.91
189,Morganton,US,2021-12-05 19:34:07,35.7454,-81.6848,61.02,47,75,1.99
190,Whitehorse,CA,2021-12-05 19:34:13,60.7161,-135.0538,-5.91,83,90,18.99
191,Isangel,VU,2021-12-05 19:31:12,-19.55,169.2667,79.21,78,52,10.33
192,Medea,DZ,2021-12-05 19:38:17,36.2642,2.7539,43.25,74,62,20.89
193,Ginda,IN,2021-12-05 19:38:18,30.6945,78.4932,44.08,80,41,5.77
194,Lorengau,PG,2021-12-05 19:38:18,-2.0226,147.2712,83.39,80,48,15.79
195,Caravelas,BR,2021-12-05 19:32:28,-17.7125,-39.2481,78.84,71,0,7.09
196,Rengasdengklok,ID,2021-12-05 19:38:19,-6.1592,107.2981,78.13,80,100,7.07
197,Kodiak,US,2021-12-05 19:38:19,57.79,-152.4072,26.11,100,90,0.0
198,Necochea,AR,2021-12-05 19:38:19,-38.5473,-58.7368,67.03,57,0,11.83
199,Murud,IN,2021-12-05 19:38:20,18.3258,72.965,72.95,84,1,3.42
200,Bathsheba,BB,2021-12-05 19:28:24,13.2167,-59.5167,84.81,65,75,19.57
201,Cookeville,US,2021-12-05 19:38:20,36.1628,-85.5016,70.56,72,75,4.0
202,Balasheyka,RU,2021-12-05 19:38:21,53.2841,48.0851,26.56,87,97,2.01
203,Songjianghe,CN,2021-12-05 19:38:21,42.1859,127.479,31.66,80,63,8.7
204,Manado,ID,2021-12-05 19:38:22,1.487,124.8455,74.17,94,40,0.0
205,Avarua,CK,2021-12-05 19:33:52,-21.2078,-159.775,80.65,89,40,6.91
206,Los Llanos De Aridane,ES,2021-12-05 19:38:22,28.6585,-17.9182,64.15,68,75,11.99
207,Vestmannaeyjar,IS,2021-12-05 19:29:35,63.4427,-20.2734,44.35,91,100,29.71
208,Chokurdakh,RU,2021-12-05 19:32:23,70.6333,147.9167,-42.27,100,61,5.32
209,Dikson,RU,2021-12-05 19:31:02,73.5069,80.5464,0.73,94,100,9.24
210,Kaitangata,NZ,2021-12-05 19:29:40,-46.2817,169.8464,52.93,57,100,4.88
211,Arbagar,RU,2021-12-05 19:38:23,51.9438,116.2805,5.18,92,11,5.26
212,Severo-Kurilsk,RU,2021-12-05 19:38:24,50.6789,156.125,31.68,71,92,23.71
213,Gillette,US,2021-12-05 19:38:24,44.2911,-105.5022,22.69,83,90,18.99
214,Usvyaty,RU,2021-12-05 19:38:25,55.7456,30.7533,20.5,96,96,4.23
215,Marienburg,PL,2021-12-05 19:38:26,54.0359,19.0266,37.11,90,100,12.77
216,Inirida,CO,2021-12-05 19:38:26,3.8653,-67.9239,88.72,57,100,0.54
217,Abaza,RU,2021-12-05 19:38:26,52.655,90.0928,16.23,86,100,5.44
218,Katsuura,JP,2021-12-05 19:31:06,35.1333,140.3,48.31,74,99,12.03
219,Devin,BG,2021-12-05 19:38:27,41.7433,24.4,38.3,92,88,6.55
220,Solnechnyy,RU,2021-12-05 19:38:28,50.7214,136.6319,11.48,91,99,4.94
221,Gat,IL,2021-12-05 19:38:28,31.61,34.7642,61.39,2,3,7.18
222,Vostok,RU,2021-12-05 19:32:46,46.4856,135.8833,14.22,91,17,5.88
223,Dukat,RU,2021-12-05 19:39:29,62.55,155.55,-31.2,99,73,4.72
224,Korla,CN,2021-12-05 19:39:30,41.7597,86.1469,29.88,46,100,0.81
225,Port Hardy,CA,2021-12-05 19:26:31,50.6996,-127.4199,35.76,93,90,2.3
226,Praia Da Vitoria,PT,2021-12-05 19:39:30,38.7333,-27.0667,62.85,82,40,4.92
227,Norman Wells,CA,2021-12-05 19:39:31,65.282,-126.8329,-14.62,81,40,5.28
228,Khandyga,RU,2021-12-05 19:39:31,62.6667,135.6,-8.7,99,100,3.09
229,Yaan,NG,2021-12-05 19:39:32,7.3833,8.5667,83.05,31,100,3.87
230,Minab,IR,2021-12-05 19:39:32,27.1467,57.0801,63.9,50,4,1.66
231,Narsaq,GL,2021-12-05 19:32:26,60.9167,-46.05,28.62,85,100,7.02
232,Aykhal,RU,2021-12-05 19:39:33,66.0,111.5,-24.59,93,100,12.64
233,Kambove,CD,2021-12-05 19:39:33,-10.8764,26.5969,66.85,60,45,1.72
234,Russell,US,2021-12-05 19:39:34,32.3502,-85.1999,74.37,60,75,5.75
235,Barrow,US,2021-12-05 19:39:34,71.2906,-156.7887,10.42,67,40,14.97
236,Saint-Philippe,RE,2021-12-05 19:39:35,-21.3585,55.7679,76.59,80,37,10.31
237,Hirado,JP,2021-12-05 19:39:35,33.3597,129.5531,45.36,63,66,4.99
238,Gaziantep,TR,2021-12-05 19:39:36,37.0594,37.3825,42.46,70,0,0.0
239,Anloga,GH,2021-12-05 19:39:36,5.7947,0.8973,84.42,83,66,14.54
240,Nome,US,2021-12-05 19:29:43,64.5011,-165.4064,30.27,93,90,32.21
241,Hualmay,PE,2021-12-05 19:39:37,-11.0964,-77.6139,69.57,79,100,10.4
242,Tessalit,ML,2021-12-05 19:39:37,20.1986,1.0114,71.31,14,85,10.87
243,Parfenyevo,RU,2021-12-05 19:39:38,58.484,43.4088,-1.86,98,66,3.0
244,Cairns,AU,2021-12-05 19:39:38,-16.9167,145.7667,76.95,85,0,8.05
245,Belmonte,BR,2021-12-05 19:39:39,-15.8631,-38.8828,81.1,74,1,7.11
246,Henties Bay,NA,2021-12-05 19:39:39,-22.116,14.2845,61.86,85,0,9.04
247,Leningradskiy,RU,2021-12-05 19:28:43,69.3833,178.4167,-2.7,98,100,11.9
248,Maldonado,UY,2021-12-05 19:39:40,-34.6667,-54.9167,67.39,74,91,12.62
249,Atar,MR,2021-12-05 19:39:40,20.5169,-13.0499,73.27,15,100,12.17
250,Lubao,PH,2021-12-05 19:39:41,14.9167,120.55,75.22,82,73,5.03
251,Sfantu Gheorghe,RO,2021-12-05 19:39:41,45.8667,25.7833,32.94,83,100,2.86
252,Kieta,PG,2021-12-05 19:39:41,-6.2167,155.6333,79.48,83,100,3.15
253,Bom Jesus Do Itabapoana,BR,2021-12-05 19:39:42,-21.1339,-41.6797,78.87,84,31,5.66
254,Ostrovnoy,RU,2021-12-05 19:39:42,68.0531,39.5131,7.77,74,91,20.87
255,Bara,NG,2021-12-05 19:39:43,10.3744,10.7288,79.99,24,69,7.92
256,Saint-Augustin,CA,2021-12-05 19:29:48,51.226,-58.6502,23.45,54,100,8.12
257,Udachnyy,RU,2021-12-05 19:36:35,66.4167,112.4,-22.56,74,100,18.39
258,At-Bashi,KG,2021-12-05 19:39:44,41.1702,75.8106,16.81,64,100,0.78
259,Batticaloa,LK,2021-12-05 19:39:45,7.7102,81.6924,78.62,83,6,3.18
260,Saldanha,ZA,2021-12-05 19:39:45,-33.0117,17.9442,60.85,92,13,15.9
261,Berlevag,NO,2021-12-05 19:39:45,70.8578,29.0864,22.95,58,0,24.16
262,Gharghoda,IN,2021-12-05 19:39:46,22.1667,83.35,68.18,82,99,1.32
263,Torbay,CA,2021-12-05 19:35:31,47.6666,-52.7314,35.58,64,20,10.36
264,Paamiut,GL,2021-12-05 19:39:47,61.994,-49.6678,26.44,60,100,24.29
265,Marsh Harbour,BS,2021-12-05 19:39:47,26.5412,-77.0636,78.15,70,0,12.82
266,Trinidad,BO,2021-12-05 19:39:47,-14.8333,-64.9,76.98,94,90,9.22
267,Margate,GB,2021-12-05 19:39:48,51.3813,1.3862,42.69,84,99,8.01
268,Puro,PH,2021-12-05 19:40:48,12.4841,123.3827,76.06,79,32,11.21
269,Dawson Creek,CA,2021-12-05 19:40:26,55.7666,-120.2362,-0.76,65,1,2.3
270,Saint-Francois,FR,2021-12-05 19:40:49,46.4154,3.9054,38.68,92,90,13.8
271,Morshansk,RU,2021-12-05 19:40:49,53.4435,41.8107,25.2,92,58,2.39
272,Rio Grande,BR,2021-12-05 19:40:50,-32.035,-52.0986,75.31,69,9,14.16
273,Bantry,IE,2021-12-05 19:40:50,51.6833,-9.45,40.48,83,100,7.49
274,Presidente Olegario,BR,2021-12-05 19:40:51,-18.4178,-46.4181,76.19,69,53,4.14
275,Hof,DE,2021-12-05 19:40:51,50.3167,11.9167,33.12,91,40,1.14
276,Yar-Sale,RU,2021-12-05 19:40:52,66.8333,70.8333,-16.69,94,13,13.91
277,Languyan,PH,2021-12-05 19:40:52,5.2618,120.0807,78.64,84,97,5.99
278,Olinda,BR,2021-12-05 19:40:53,-8.0089,-34.8553,82.13,83,75,6.91
279,Souillac,MU,2021-12-05 19:40:53,-20.5167,57.5167,79.36,73,40,8.05
280,Maradi,NE,2021-12-05 19:40:54,13.5,7.1017,74.66,17,29,10.56
281,Escarcega,MX,2021-12-05 19:40:54,18.6089,-90.7454,88.61,32,0,3.33
282,Vila Velha,BR,2021-12-05 19:40:11,-20.3297,-40.2925,82.35,79,20,5.99
283,Inyonga,TZ,2021-12-05 19:40:55,-6.7167,32.0667,65.61,87,100,4.25
284,Nuuk,GL,2021-12-05 19:40:52,64.1835,-51.7216,27.21,68,75,25.32
285,Rugby,GB,2021-12-05 19:40:56,52.3709,-1.2642,41.63,89,94,8.55
286,Antalaha,MG,2021-12-05 19:40:56,-14.9003,50.2788,74.32,90,8,7.2
287,Lasa,IT,2021-12-05 19:40:56,46.6166,10.7002,29.28,93,97,5.12
288,Port Lincoln,AU,2021-12-05 19:32:26,-34.7333,135.8667,56.71,83,0,2.57
289,Grand Gaube,MU,2021-12-05 19:40:57,-20.0064,57.6608,79.38,66,12,5.99
290,Sassandra,CI,2021-12-05 19:40:58,4.95,-6.0833,80.13,83,2,8.21
291,Clyde River,CA,2021-12-05 19:40:58,70.4692,-68.5914,10.63,85,100,39.12
292,Rawson,AR,2021-12-05 19:40:59,-43.3002,-65.1023,69.28,48,18,16.04
293,Vyshestebliyevskaya,RU,2021-12-05 19:40:59,45.1961,37.0181,43.21,83,97,1.3
294,Ulladulla,AU,2021-12-05 19:41:00,-35.35,150.4667,56.88,68,100,2.08
295,Hervey Bay,AU,2021-12-05 19:41:00,-25.2986,152.8535,73.04,92,5,1.01
296,Puksoozero,RU,2021-12-05 19:41:01,62.5903,40.6066,9.95,98,88,6.22
297,Miandrivazo,MG,2021-12-05 19:41:01,-19.5167,45.4667,86.09,50,91,5.01
298,Sokoni,TZ,2021-12-05 19:41:02,-6.4333,39.55,81.05,76,100,9.48
299,Biak,ID,2021-12-05 19:41:02,-0.9131,122.8766,76.05,88,100,7.87
300,Port Macquarie,AU,2021-12-05 19:41:02,-31.4333,152.9167,62.89,79,99,4.79
301,Mayor Pablo Lagerenza,PY,2021-12-05 19:41:03,-19.9309,-60.7718,73.29,89,100,6.06
302,Kloulklubed,PW,2021-12-05 19:41:03,7.0419,134.2556,83.16,76,100,8.03
303,Nouadhibou,MR,2021-12-05 19:41:04,20.931,-17.0347,75.18,38,13,9.22
304,Tarakan,ID,2021-12-05 19:41:05,3.3,117.6333,80.1,76,100,4.88
305,Faya,SA,2021-12-05 19:41:05,18.3851,42.4509,57.31,69,0,2.64
306,Acarau,BR,2021-12-05 19:41:06,-2.8856,-40.12,83.37,73,13,20.0
307,Yulara,AU,2021-12-05 19:41:06,-25.2406,130.9889,66.04,72,0,8.05
308,Sinnai,IT,2021-12-05 19:41:07,39.3042,9.2036,48.72,83,20,1.14
309,Kolpashevo,RU,2021-12-05 19:41:07,58.3131,82.9089,30.61,94,100,12.26
310,Pundaguitan,PH,2021-12-05 19:41:08,6.3711,126.1689,80.44,80,87,14.07
311,Chegutu,ZW,2021-12-05 19:41:09,-18.1302,30.1407,79.36,29,29,6.11
312,Kendal,GB,2021-12-05 19:41:09,54.3268,-2.7476,43.11,88,92,3.2
313,Alofi,NU,2021-12-05 19:41:10,-19.0595,-169.9187,78.69,89,88,13.8
314,Point Fortin,TT,2021-12-05 19:41:10,10.1833,-61.6833,84.13,78,68,14.7
315,Phan Thiet,VN,2021-12-05 19:37:31,10.9333,108.1,71.49,89,87,3.15
316,Balkhash,KZ,2021-12-05 19:42:11,46.844,74.9804,33.3,57,100,1.32
317,Glinka,RU,2021-12-05 19:42:11,54.6404,32.8781,22.57,98,100,4.59
318,Catamarca,AR,2021-12-05 19:42:12,-28.4696,-65.7852,82.78,48,96,3.0
319,Kharp,RU,2021-12-05 19:42:12,66.8014,65.8081,-13.05,87,67,4.79
320,Auki,SB,2021-12-05 19:42:13,-8.7676,160.7034,79.07,86,95,5.41
321,Rondonopolis,BR,2021-12-05 19:42:13,-16.4708,-54.6356,86.25,70,99,2.86
322,Linxia,CN,2021-12-05 19:42:14,35.6003,103.2064,28.15,58,0,1.77
323,Talnakh,RU,2021-12-05 19:42:14,69.4865,88.3972,-21.8,99,100,13.62
324,Birin,NP,2021-12-05 19:42:15,26.8865,88.0718,52.48,79,70,4.18
325,Havre-Saint-Pierre,CA,2021-12-05 19:42:16,50.2334,-63.5986,24.8,63,75,19.57
326,Pandan,PH,2021-12-05 19:42:17,14.0453,124.1694,76.19,82,93,15.12
327,Westport,US,2021-12-05 19:42:17,41.1415,-73.3579,48.97,46,1,1.01
328,Kupang,ID,2021-12-05 19:42:18,-10.1667,123.5833,80.08,83,99,7.23
329,Mayya,RU,2021-12-05 19:42:18,61.7333,130.2811,-24.48,99,100,3.31
330,Vestmanna,FO,2021-12-05 19:42:19,62.1564,-7.1664,31.12,80,75,3.44
331,Garoua,CM,2021-12-05 19:42:19,9.3,13.4,84.79,21,96,5.41
332,Muravlenko,RU,2021-12-05 19:42:19,63.7898,74.523,-16.33,92,100,8.3
333,Ust-Nera,RU,2021-12-05 19:42:20,64.5667,143.2,-25.92,97,100,5.39
334,Maniitsoq,GL,2021-12-05 19:42:20,65.4167,-52.9,27.01,85,100,28.43
335,Cooma,AU,2021-12-05 19:42:21,-36.2333,149.1333,46.17,93,90,11.5
336,Tabora,TZ,2021-12-05 19:42:21,-5.0167,32.8,73.99,50,100,2.68
337,La Ronge,CA,2021-12-05 19:42:21,55.1001,-105.2842,-12.75,58,20,10.36
338,Guerrero Negro,MX,2021-12-05 19:42:22,27.9769,-114.0611,69.35,64,1,14.45
339,Hay River,CA,2021-12-05 19:42:22,60.8156,-115.7999,-16.62,69,20,4.61
340,San Luis,AR,2021-12-05 19:41:23,-33.295,-66.3356,76.35,53,94,12.03
341,Hithadhoo,MV,2021-12-05 19:42:23,-0.6,73.0833,81.23,79,100,14.05
342,Coihaique,CL,2021-12-05 19:42:23,-45.5752,-72.0662,70.41,46,75,5.75
343,Oud-Heverlee,BE,2021-12-05 19:42:24,50.8352,4.6642,40.37,92,75,2.3
344,Shenjiamen,CN,2021-12-05 19:42:24,29.9576,122.298,55.11,68,0,8.03
345,Port-Gentil,GA,2021-12-05 19:42:25,-0.7193,8.7815,82.36,83,40,12.66
346,Nong Chik,TH,2021-12-05 19:42:25,6.8436,101.178,75.81,74,80,4.72
347,Muli,MV,2021-12-05 19:42:26,2.9167,73.5667,82.74,72,20,15.48
348,Muros,ES,2021-12-05 19:42:26,42.7762,-9.0603,54.23,92,54,8.59
349,Porto Novo,BJ,2021-12-05 19:42:26,6.4965,2.6036,84.02,77,97,9.55
350,Pop,UZ,2021-12-05 19:42:27,40.8736,71.1089,41.49,59,78,3.98
351,Hami,CN,2021-12-05 19:42:28,42.8,93.45,30.42,49,99,5.1
352,Airai,TL,2021-12-05 19:42:28,-8.9266,125.4092,61.45,92,100,0.83
353,Pangkalanbuun,ID,2021-12-05 19:42:28,-2.6833,111.6167,74.08,98,100,3.91
354,Yumen,CN,2021-12-05 19:42:29,40.2833,97.2,26.56,49,26,21.59
355,Mangrol,IN,2021-12-05 19:42:29,21.1167,70.1167,73.35,56,0,11.27
356,Gizo,SB,2021-12-05 19:42:30,-8.103,156.8419,82.2,76,100,2.66
357,Safaga,EG,2021-12-05 19:42:30,26.7292,33.9365,67.95,39,100,15.79
358,Klaksvik,FO,2021-12-05 19:42:31,62.2266,-6.589,32.92,59,26,10.47
359,Villa Florida,PY,2021-12-05 19:42:31,-26.3833,-57.15,93.69,34,11,8.68
360,Zyryanka,RU,2021-12-05 19:42:32,65.75,150.85,-40.5,95,98,5.23
361,Ardesen,TR,2021-12-05 19:42:32,41.1911,40.9875,57.16,66,32,3.53
362,Sept-Iles,CA,2021-12-05 19:43:33,50.2001,-66.3821,21.06,52,75,5.99
363,Marrakesh,MA,2021-12-05 19:38:56,31.6315,-8.0083,55.47,47,0,4.61
364,Arman,RU,2021-12-05 19:43:33,59.7,150.1667,-15.45,95,33,6.22
365,Tokur,RU,2021-12-05 19:43:34,53.1333,132.9,2.79,97,100,3.31
366,Nanortalik,GL,2021-12-05 19:43:34,60.1432,-45.2371,28.17,68,89,26.46
367,Progreso,MX,2021-12-05 19:43:35,21.2833,-89.6667,86.11,49,0,11.59
368,Pacific Grove,US,2021-12-05 19:38:38,36.6177,-121.9166,71.8,74,1,5.01
369,Ugoofaaru,MV,2021-12-05 19:43:35,5.6667,73.0,82.13,75,87,9.86
370,Ca Mau,VN,2021-12-05 19:43:36,9.1769,105.15,70.79,86,99,5.12
371,Omboue,GA,2021-12-05 19:43:36,-1.5746,9.2618,78.62,88,100,6.62
372,Haines Junction,CA,2021-12-05 19:43:37,60.7522,-137.5108,-4.67,98,100,1.61
373,San Quintin,MX,2021-12-05 19:43:37,30.4833,-115.95,65.59,68,0,13.2
374,Cascais,PT,2021-12-05 19:43:01,38.6979,-9.4215,56.05,72,40,1.01
375,Vaitape,PF,2021-12-05 19:43:38,-16.5167,-151.75,80.96,71,50,18.95
376,Bogorodskoye,RU,2021-12-05 19:43:38,56.55,37.8833,21.09,95,100,7.45
377,Qianan,CN,2021-12-05 19:43:39,44.9932,124.0581,20.16,86,99,7.34
378,Coihueco,CL,2021-12-05 19:43:39,-36.6167,-71.8333,93.94,16,0,5.75
379,Broome,US,2021-12-05 19:43:40,42.2506,-75.833,43.21,58,40,1.99
380,Sorong,ID,2021-12-05 19:43:40,-0.8833,131.25,79.12,86,89,4.03
381,Garissa,KE,2021-12-05 19:43:41,-0.4536,39.6401,79.97,68,71,11.59
382,Tombouctou,ML,2021-12-05 19:43:41,20.0,-3.0,64.99,13,84,10.6
383,Jian,CN,2021-12-05 19:43:41,27.1172,114.9793,48.54,62,0,1.72
384,Goderich,CA,2021-12-05 19:43:42,43.7501,-81.7165,33.91,74,100,11.5
385,Tiarei,PF,2021-12-05 19:43:43,-17.5333,-149.3333,84.22,70,51,17.56
386,Naryan-Mar,RU,2021-12-05 19:43:43,67.6713,53.087,20.21,89,100,14.41
387,Rassvet,RU,2021-12-05 19:43:44,46.8333,40.75,40.33,99,93,11.18
388,North Bend,US,2021-12-05 19:43:44,43.4065,-124.2243,49.91,90,1,8.05
389,Devils Lake,US,2021-12-05 19:43:44,48.1128,-98.8651,24.91,90,90,13.0
390,Spencer,US,2021-12-05 19:43:45,43.1414,-95.1444,46.08,57,90,21.85
391,Normandin,CA,2021-12-05 19:43:46,48.8333,-72.5321,14.31,57,100,6.91
392,San Juan,AR,2021-12-05 19:41:07,-31.5375,-68.5364,85.51,31,2,5.77
393,Jumla,NP,2021-12-05 19:43:46,29.2747,82.1838,40.42,84,42,5.19
394,Santa Cruz Cabralia,BR,2021-12-05 19:43:47,-16.2781,-39.0247,80.83,78,40,11.5
395,Truro,GB,2021-12-05 19:43:47,50.2653,-5.0544,45.68,76,40,12.66
396,Mount Isa,AU,2021-12-05 19:43:48,-20.7333,139.5,74.97,64,99,8.05
397,Patria,PH,2021-12-05 19:43:48,11.7403,122.0171,75.4,84,99,7.0
398,Te Anau,NZ,2021-12-05 19:43:49,-45.4167,167.7167,45.46,86,73,5.7
399,Wajima,JP,2021-12-05 19:43:49,37.4,136.9,46.29,77,93,4.41
400,Neuquen,AR,2021-12-05 19:39:57,-38.9516,-68.0591,87.69,37,0,9.22
401,Katherine,AU,2021-12-05 19:43:50,-14.4667,132.2667,77.32,88,100,3.44
402,Cayenne,GF,2021-12-05 19:43:50,4.9333,-52.3333,82.44,83,75,4.0
403,Dunedin,NZ,2021-12-05 19:43:51,-45.8742,170.5036,54.81,66,100,3.0
404,Umm Bab,QA,2021-12-05 19:43:52,25.2142,50.8072,64.08,47,21,2.28
405,Natal,BR,2021-12-05 19:41:25,-5.795,-35.2094,86.65,66,75,18.41
406,Mehriz,IR,2021-12-05 19:43:52,31.5917,54.4318,41.5,22,98,4.09
407,Miri,MY,2021-12-05 19:44:53,4.4148,114.0089,77.14,94,40,3.44
408,Rayevskiy,RU,2021-12-05 19:44:53,54.0658,54.9468,27.05,92,100,1.59
409,Mahina,PF,2021-12-05 19:44:54,-17.5065,-149.489,83.97,65,20,18.41
410,Yamada,JP,2021-12-05 19:44:54,39.4667,141.95,36.18,76,5,7.0
411,Kununurra,AU,2021-12-05 19:44:55,-15.7667,128.7333,75.18,94,40,5.75
412,Sola,VU,2021-12-05 19:44:55,-13.8833,167.55,80.04,76,9,8.1
413,Alta Floresta,BR,2021-12-05 19:44:56,-9.8756,-56.0861,80.42,83,90,3.44
414,Flinders,AU,2021-12-05 19:44:56,-34.5833,150.8552,61.81,82,96,4.32
415,Mantua,IT,2021-12-05 19:44:57,45.1667,10.7833,44.71,88,81,1.01
416,Port Victoria,KE,2021-12-05 19:44:58,0.0939,33.9756,74.5,62,95,7.27
417,Inverell,AU,2021-12-05 19:44:58,-29.7833,151.1167,64.67,79,100,3.0
418,Tarko-Sale,RU,2021-12-05 19:44:59,64.9225,77.785,-32.75,100,43,3.0
419,Pochutla,MX,2021-12-05 19:44:59,15.7432,-96.4661,90.82,38,0,8.23
420,Bull Savanna,JM,2021-12-05 19:45:00,17.8868,-77.5902,81.55,68,96,17.11
421,Tual,ID,2021-12-05 19:45:00,-5.6667,132.75,82.67,78,97,14.18
422,Machala,EC,2021-12-05 19:45:01,-3.2667,-79.9667,80.91,69,75,6.91
423,Letka,RU,2021-12-05 19:45:01,59.6011,49.4232,-8.97,100,84,4.09
424,Conil,FR,2021-12-05 19:45:02,44.9673,3.7177,28.04,98,99,10.16
425,Kuytun,RU,2021-12-05 19:45:03,54.3419,101.5036,10.81,95,90,5.06
426,Agua Verde,MX,2021-12-05 19:45:03,22.9,-106.05,84.13,69,68,5.64
427,Usinsk,RU,2021-12-05 19:45:04,65.9939,57.5281,-2.49,98,95,6.71
428,Jalu,LY,2021-12-05 19:45:04,29.0331,21.5482,58.62,59,0,5.48
429,Tecoanapa,MX,2021-12-05 19:45:05,16.5167,-98.75,83.73,62,3,8.3
430,Glendive,US,2021-12-05 19:45:05,47.1053,-104.7125,27.7,83,90,18.41
431,Tura,IN,2021-12-05 19:45:06,25.5198,90.2201,65.35,83,100,1.72
432,Kano,NG,2021-12-05 19:45:06,12.0001,8.5167,71.49,40,8,3.44
433,Xuddur,SO,2021-12-05 19:45:07,4.1213,43.8894,76.23,44,68,3.11
434,Buala,SB,2021-12-05 19:45:07,-8.145,159.5921,80.01,85,99,8.19
435,Rolla,US,2021-12-05 19:45:07,37.9514,-91.7713,68.86,65,40,7.0
436,Rocha,UY,2021-12-05 19:45:08,-34.4833,-54.3333,65.35,92,87,9.46
437,Pevek,RU,2021-12-05 19:45:08,69.7008,170.3133,-8.34,97,100,9.4
438,Rundu,NA,2021-12-05 19:45:09,-17.9333,19.7667,70.92,71,95,10.02
439,Blythe,US,2021-12-05 19:45:09,33.6103,-114.5964,72.03,12,0,9.53
440,Namibe,AO,2021-12-05 19:45:10,-15.1961,12.1522,73.4,61,1,9.44
441,Nemuro,JP,2021-12-05 19:45:10,43.3236,145.575,40.23,65,0,8.97
442,Bennettsville,US,2021-12-05 19:45:11,34.6174,-79.6848,68.92,66,75,1.01
443,Pozo Colorado,PY,2021-12-05 19:45:11,-23.4923,-58.7972,100.65,23,49,5.35
444,Ayolas,PY,2021-12-05 19:45:11,-27.4,-56.9,93.85,33,6,6.31
445,Catuday,PH,2021-12-05 19:45:12,16.2923,119.8062,74.14,70,68,8.37
446,Marion,US,2021-12-05 19:43:35,39.7684,-86.1555,53.92,82,90,9.22
447,Pathein,MM,2021-12-05 19:45:13,16.7833,94.7333,66.78,75,96,4.5
448,Rabak,SD,2021-12-05 19:45:13,13.1809,32.74,81.79,26,0,10.42
449,Karakol,KG,2021-12-05 19:45:14,42.4907,78.3936,25.61,61,53,7.18
450,Ancud,CL,2021-12-05 19:45:14,-41.8697,-73.8203,74.73,59,12,6.93
451,Madimba,TZ,2021-12-05 19:45:15,-10.4,40.3333,77.5,89,100,8.43
452,Husavik,IS,2021-12-05 19:45:15,66.0449,-17.3389,37.31,74,100,22.03
453,Manaquiri,BR,2021-12-05 19:46:16,-3.3167,-60.35,82.89,66,72,4.9
454,Epiniana,GR,2021-12-05 19:46:16,39.1429,21.6134,45.75,97,99,5.59
455,Akcaabat,TR,2021-12-05 19:46:17,41.0212,39.5715,53.47,76,75,5.75
456,Roald,NO,2021-12-05 19:46:17,62.5833,6.1333,36.34,69,75,14.97
457,Hibbing,US,2021-12-05 19:46:17,47.4272,-92.9377,26.2,62,90,11.5
458,Livramento,BR,2021-12-05 19:46:18,-3.0254,-60.1803,83.08,89,75,5.75
459,Digras,IN,2021-12-05 19:46:19,20.1167,77.7167,68.77,63,0,2.26
460,Kitui,KE,2021-12-05 19:46:19,-1.367,38.0106,63.27,87,55,1.77
461,Gberia Fotombu,SL,2021-12-05 19:46:19,9.8833,-11.1667,76.14,30,3,2.86
462,Marondera,ZW,2021-12-05 19:46:20,-18.1853,31.5519,69.33,36,25,6.89
463,Acari,PE,2021-12-05 19:46:20,-15.4311,-74.6158,77.83,58,99,10.07
464,Visakhapatnam,IN,2021-12-05 19:46:21,17.69,83.2093,76.89,94,75,2.3
465,San Cristobal,VE,2021-12-05 19:44:35,7.7669,-72.225,82.58,44,66,6.11
466,Prince George,CA,2021-12-05 19:46:21,53.9166,-122.753,18.63,83,1,5.75
467,Bodmin,GB,2021-12-05 19:45:38,50.4715,-4.7243,44.56,76,40,12.66
468,Raudeberg,NO,2021-12-05 19:46:22,61.9875,5.1352,35.2,77,100,5.99
469,Coahuayana,MX,2021-12-05 19:46:22,18.7333,-103.6833,85.69,58,99,5.91
470,Vila Franca Do Campo,PT,2021-12-05 19:46:23,37.7167,-25.4333,65.19,81,44,3.31
471,Kavieng,PG,2021-12-05 19:46:24,-2.5744,150.7967,82.09,80,96,7.85
472,Derzhavinsk,KZ,2021-12-05 19:46:25,51.1,66.3167,12.83,86,21,6.04
473,Libreville,GA,2021-12-05 19:46:25,0.3925,9.4537,82.42,89,40,10.36
474,Raymond,US,2021-12-05 19:46:26,43.9015,-70.4703,39.47,55,99,2.21
475,Vilcun,CL,2021-12-05 19:46:26,-38.65,-72.2333,84.94,13,0,8.08
476,Mareeba,AU,2021-12-05 19:46:26,-17.0,145.4333,74.12,92,2,2.93
477,Gemena,CD,2021-12-05 19:46:27,3.25,19.7667,74.95,85,99,2.37
478,Vila,PT,2021-12-05 19:46:27,42.0304,-8.1588,42.33,86,97,4.36
479,Dongsheng,CN,2021-12-05 19:46:28,39.8161,109.9776,24.73,43,0,14.85
480,Furstenwalde,DE,2021-12-05 19:46:29,52.3667,14.0667,35.11,99,100,4.72
481,Alugan,PH,2021-12-05 19:46:30,12.2188,125.4808,78.12,78,97,12.88
482,Mingaora,PK,2021-12-05 19:46:31,34.7758,72.3625,50.83,79,100,3.87
483,Medak,IN,2021-12-05 19:46:31,18.0333,78.2667,68.2,63,5,6.51
484,Oum Hadjer,TD,2021-12-05 19:46:32,13.2954,19.6966,81.84,20,81,8.3
485,Lensk,RU,2021-12-05 19:46:32,60.7253,114.9278,-0.85,97,100,4.41
486,Shaki,AZ,2021-12-05 19:46:33,41.0833,47.1667,47.19,46,63,2.71
487,Bata,GQ,2021-12-05 19:46:33,1.8639,9.7658,80.67,83,100,4.88
488,Axim,GH,2021-12-05 19:46:34,4.8699,-2.2405,80.83,82,75,8.34
489,Svobodnyy,RU,2021-12-05 19:46:35,51.4,128.1333,-1.07,97,52,5.61
490,Nanchong,CN,2021-12-05 19:46:36,30.7951,106.0847,53.83,67,0,5.55
491,Rio Gallegos,AR,2021-12-05 19:44:13,-51.6226,-69.2181,66.25,16,20,24.16
492,Kresek,ID,2021-12-05 19:46:36,-6.1314,106.3797,78.12,85,100,4.29
493,Panorama,GR,2021-12-05 19:46:37,40.5878,23.0315,52.43,82,20,7.0
494,Along,IN,2021-12-05 19:46:38,28.1667,94.7667,57.27,85,100,1.59
495,Bilibino,RU,2021-12-05 19:46:38,68.0546,166.4372,-19.26,99,100,2.8
496,Vanimo,PG,2021-12-05 19:46:10,-2.6741,141.3028,78.91,83,91,7.02
497,Mlonggo,ID,2021-12-05 19:46:39,-6.5333,110.7,73.53,80,100,12.95
498,Novozavedennoye,RU,2021-12-05 19:47:39,44.2628,43.6381,34.9,54,96,1.41
499,Bima,ID,2021-12-05 19:47:40,-8.4667,118.7167,75.97,94,98,3.6
500,Brae,GB,2021-12-05 19:47:41,60.3964,-1.353,40.91,64,93,6.42
501,Green River,US,2021-12-05 19:47:41,41.5286,-109.4662,52.14,34,100,30.53
502,Shizunai,JP,2021-12-05 19:47:42,42.3339,142.3669,37.96,70,29,2.39
503,San Policarpo,PH,2021-12-05 19:46:57,12.1791,125.5072,78.66,77,97,13.8
504,Belyy Yar,RU,2021-12-05 19:47:42,53.6039,91.3903,17.49,77,81,2.24
505,Bouna,CI,2021-12-05 19:47:43,9.2667,-3.0,82.26,15,28,4.54
506,Soc Trang,VN,2021-12-05 19:47:43,9.6033,105.98,71.56,89,100,5.88
507,Svetlaya,RU,2021-12-05 19:47:44,46.5389,138.3297,27.75,74,2,6.55
508,Kurilsk,RU,2021-12-05 19:47:44,45.2333,147.8833,34.39,76,61,8.32
509,Fukue,JP,2021-12-05 19:47:45,32.6881,128.8419,57.24,60,100,5.19
510,Bacolod,PH,2021-12-05 19:47:46,10.6667,122.95,75.13,84,78,10.89
511,Erenhot,CN,2021-12-05 19:47:46,43.6475,111.9767,22.17,66,2,5.23
512,Tilichiki,RU,2021-12-05 19:47:47,60.4667,166.1,-0.4,96,95,2.98
513,Sainte-Adele,CA,2021-12-05 19:47:47,45.9501,-74.1325,26.42,78,98,4.36
514,Newport,GB,2021-12-05 19:43:32,51.5877,-2.9984,43.07,80,8,7.0
515,Lavrentiya,RU,2021-12-05 19:47:48,65.5833,-171.0,30.25,97,100,16.04
516,Kaka,TM,2021-12-05 19:47:48,37.3482,59.6143,46.54,52,0,5.66
517,Ahuimanu,US,2021-12-05 19:47:49,21.4447,-157.8378,72.54,83,75,0.0
518,Sao Joao Do Piaui,BR,2021-12-05 19:47:49,-8.3581,-42.2467,83.93,58,100,2.75
519,San Rafael Del Sur,NI,2021-12-05 19:47:50,11.8485,-86.4384,90.57,46,10,16.37
520,Ambon,ID,2021-12-05 19:47:50,-3.6954,128.1814,77.14,88,75,3.44
521,Dodge City,US,2021-12-05 19:47:50,37.7528,-100.0171,69.94,29,1,8.99
522,Bilma,NE,2021-12-05 19:47:51,18.6853,12.9164,68.63,17,31,8.01
523,Nyakahanga,TZ,2021-12-05 19:47:52,-1.6033,31.1414,59.32,78,88,2.64
524,Deputatskiy,RU,2021-12-05 19:47:52,69.3,139.9,-22.5,97,100,2.44
525,Basco,PH,2021-12-05 19:47:52,20.4487,121.9702,74.19,73,76,20.58
526,Southbridge,US,2021-12-05 19:47:53,42.0751,-72.0334,45.39,44,97,1.99
527,Vysokogornyy,RU,2021-12-05 19:47:54,50.1167,139.15,17.17,90,94,9.6
528,Hobyo,SO,2021-12-05 19:47:54,5.3505,48.5268,78.96,75,9,17.76
529,Leh,IN,2021-12-05 19:47:55,34.1667,77.5833,19.53,81,99,1.5
530,Wana,PK,2021-12-05 19:47:55,32.2989,69.5725,46.78,51,2,4.25
531,Cockburn Town,TC,2021-12-05 19:45:07,21.4612,-71.1419,80.58,75,40,19.51
532,Dalbandin,PK,2021-12-05 19:44:36,28.8947,64.4101,52.09,43,0,7.07
533,Dicabisagan,PH,2021-12-05 19:47:56,17.0818,122.4157,70.9,87,90,6.51
534,Tigzirt,DZ,2021-12-05 19:47:56,36.8886,4.1198,54.91,65,100,29.8
535,Fort Nelson,CA,2021-12-05 19:47:57,58.8053,-122.7002,-18.81,76,1,5.75
536,Sandviken,SE,2021-12-05 19:47:58,60.6167,16.7667,21.69,83,100,5.19
537,Iraray,PH,2021-12-05 19:47:58,8.9936,118.0511,76.1,80,23,7.47
538,Olafsvik,IS,2021-12-05 19:47:59,64.8945,-23.7142,41.94,89,100,3.42
539,Yerbogachen,RU,2021-12-05 19:47:59,61.2767,108.0108,-16.74,100,100,3.02
540,Morehead,US,2021-12-05 19:48:00,37.2711,-87.1764,70.14,67,75,3.0
541,Sibanicu,CU,2021-12-05 19:48:00,21.235,-77.5264,84.65,65,100,11.56
542,Lunen,DE,2021-12-05 19:48:00,51.6167,7.5167,41.45,91,75,2.3
543,Kuching,MY,2021-12-05 19:49:01,1.55,110.3333,75.42,94,40,2.3
544,Southern Pines,US,2021-12-05 19:49:02,35.174,-79.3923,64.69,62,90,10.36
545,Talara,PE,2021-12-05 19:47:24,-4.5772,-81.2719,75.96,64,0,17.27
546,Nantucket,US,2021-12-05 19:49:02,41.2835,-70.0995,46.74,51,84,4.79
547,Touros,BR,2021-12-05 19:47:26,-5.1989,-35.4608,86.9,75,83,15.99
548,Eskisehir,TR,2021-12-05 19:49:03,39.7767,30.5206,49.91,87,75,6.91
