City_ID,City,Country,Date,Lat,Lng,Max Temp,Humidity,Cloudiness,Wind Speed,Current Description
0,Fare,PF,2021-12-03 01:36:44,-16.7,-151.0167,80.87,74,49,21.61,light rain
1,Hilo,US,2021-12-03 01:32:44,19.7297,-155.09,80.33,82,75,10.36,light rain
2,Carnarvon,AU,2021-12-03 01:36:45,-24.8667,113.6333,75.27,69,90,21.85,overcast clouds
3,Souillac,MU,2021-12-03 01:36:45,-20.5167,57.5167,77.38,88,75,6.91,light rain
4,Hobart,AU,2021-12-03 01:31:16,-42.8794,147.3294,70.02,44,75,1.01,broken clouds
5,Punta Arenas,CL,2021-12-03 01:32:52,-53.15,-70.9167,48.31,61,75,23.02,broken clouds
6,Kruisfontein,ZA,2021-12-03 01:36:13,-34.0033,24.7314,56.88,87,68,7.94,light rain
7,Ushuaia,AR,2021-12-03 01:36:13,-54.8,-68.3,46.06,66,20,24.16,few clouds
8,Saskylakh,RU,2021-12-03 01:31:17,71.9167,114.0833,-44.27,100,59,5.37,broken clouds
9,Avarua,CK,2021-12-03 01:28:47,-21.2078,-159.775,73.45,94,75,14.97,heavy intensity rain
10,Atbasar,KZ,2021-12-03 01:31:18,51.8,68.3333,30.33,93,100,13.44,overcast clouds
11,Port Blair,IN,2021-12-03 01:31:18,11.6667,92.75,80.53,81,69,12.68,broken clouds
12,Bluff,NZ,2021-12-03 01:31:19,-46.6,168.3333,60.46,79,46,7.36,scattered clouds
13,Krasnoselkup,RU,2021-12-03 01:31:19,65.7,82.4667,31.93,99,100,10.58,light snow
14,Kapaa,US,2021-12-03 01:35:14,22.0752,-159.319,82.38,100,90,8.05,moderate rain
15,Lamesa,US,2021-12-03 01:36:16,32.7376,-101.951,65.08,33,6,8.52,clear sky
16,Qaqortoq,GL,2021-12-03 01:36:16,60.7167,-46.0333,7.11,83,6,5.68,clear sky
17,Rikitea,PF,2021-12-03 01:36:17,-23.1203,-134.9692,76.28,75,7,15.3,clear sky
18,Severo-Yeniseyskiy,RU,2021-12-03 01:36:17,60.3725,93.0408,23.2,79,100,16.22,overcast clouds
19,Koszeg,HU,2021-12-03 01:36:18,47.3892,16.541,37.33,86,100,8.01,overcast clouds
20,Samarai,PG,2021-12-03 01:36:19,-10.6167,150.6667,85.96,68,94,1.3,overcast clouds
21,Caraballeda,VE,2021-12-03 01:36:19,10.6112,-66.8522,80.67,78,40,5.75,scattered clouds
22,Kaitangata,NZ,2021-12-03 01:36:19,-46.2817,169.8464,61.84,87,93,5.23,overcast clouds
23,Mar Del Plata,AR,2021-12-03 01:36:20,-38.0023,-57.5575,63.88,82,10,24.0,clear sky
24,Awjilah,LY,2021-12-03 01:36:20,29.1081,21.2869,58.28,53,100,11.27,overcast clouds
25,Launceston,AU,2021-12-03 01:34:05,-41.45,147.1667,71.62,49,21,1.99,few clouds
26,Cape Town,ZA,2021-12-03 01:31:42,-33.9258,18.4232,61.09,65,20,5.01,few clouds
27,Korla,CN,2021-12-03 01:36:22,41.7597,86.1469,23.56,55,0,2.68,clear sky
28,Severo-Kurilsk,RU,2021-12-03 01:36:22,50.6789,156.125,37.87,75,33,24.76,scattered clouds
29,Mataura,NZ,2021-12-03 01:36:23,-46.1927,168.8643,67.82,72,97,3.49,overcast clouds
30,Saint-Augustin,CA,2021-12-03 01:36:23,51.226,-58.6502,33.87,93,89,8.28,overcast clouds
31,Aksaray,TR,2021-12-03 01:34:02,38.3726,34.0254,24.39,41,0,1.32,clear sky
32,Vrangel,RU,2021-12-03 01:36:24,42.7297,133.0839,27.41,55,2,14.27,clear sky
33,Castro,BR,2021-12-03 01:36:25,-24.7911,-50.0119,59.59,97,98,8.99,overcast clouds
34,Busselton,AU,2021-12-03 01:36:25,-33.65,115.3333,68.09,33,0,12.91,clear sky
35,Cayenne,GF,2021-12-03 01:36:26,4.9333,-52.3333,76.08,89,90,1.01,light rain
36,Paro,BT,2021-12-03 01:36:26,27.4305,89.4133,53.46,61,83,0.94,broken clouds
37,San Patricio,US,2021-12-03 01:36:27,28.017,-97.5169,73.81,86,5,7.76,clear sky
38,Cabo San Lucas,MX,2021-12-03 01:33:06,22.8909,-109.9124,81.7,69,1,1.01,clear sky
39,Bredasdorp,ZA,2021-12-03 01:36:27,-34.5322,20.0403,54.28,81,51,4.56,broken clouds
40,San Jose,US,2021-12-03 01:35:27,37.3394,-121.895,64.15,67,75,0.0,haze
41,East London,ZA,2021-12-03 01:35:51,-33.0153,27.9116,62.78,61,14,19.35,few clouds
42,Yellowknife,CA,2021-12-03 01:35:12,62.456,-114.3525,4.41,89,75,6.91,broken clouds
43,Northam,GB,2021-12-03 01:36:54,51.0333,-4.2167,47.55,95,100,20.47,moderate rain
44,Puerto Ayora,EC,2021-12-03 01:37:55,-0.7393,-90.3518,68.83,84,77,7.49,broken clouds
45,Arraial Do Cabo,BR,2021-12-03 01:37:55,-22.9661,-42.0278,72.52,75,98,7.27,overcast clouds
46,Port Elizabeth,ZA,2021-12-03 01:37:56,-33.918,25.5701,61.09,82,0,20.71,light rain
47,New Norfolk,AU,2021-12-03 01:37:56,-42.7826,147.0587,69.66,30,10,5.01,clear sky
48,Svirstroy,RU,2021-12-03 01:37:57,60.7999,33.7248,1.6,99,66,2.24,broken clouds
49,Hermanus,ZA,2021-12-03 01:37:57,-34.4187,19.2345,54.81,84,12,11.3,few clouds
50,Markova,UA,2021-12-03 01:37:58,48.6758,24.4138,36.64,99,100,3.62,overcast clouds
51,Saint-Philippe,RE,2021-12-03 01:37:58,-21.3585,55.7679,76.55,87,52,11.41,light rain
52,Georgetown,MY,2021-12-03 01:37:59,5.4112,100.3354,78.89,87,20,5.99,light rain
53,Tuktoyaktuk,CA,2021-12-03 01:37:59,69.4541,-133.0374,-18.4,69,20,17.27,few clouds
54,Polessk,RU,2021-12-03 01:38:00,54.862,21.1028,37.45,65,94,24.14,light rain
55,Cherskiy,RU,2021-12-03 01:38:01,68.75,161.3,-2.2,99,100,6.89,light snow
56,Torbay,CA,2021-12-03 01:35:29,47.6666,-52.7314,42.58,90,90,12.66,overcast clouds
57,Hambantota,LK,2021-12-03 01:38:01,6.1241,81.1185,75.54,100,40,2.3,scattered clouds
58,Jacareacanga,BR,2021-12-03 01:38:02,-6.2222,-57.7528,73.9,89,87,0.81,overcast clouds
59,Ayan,RU,2021-12-03 01:38:02,56.45,138.1667,1.26,71,50,25.03,scattered clouds
60,Namibe,AO,2021-12-03 01:38:03,-15.1961,12.1522,71.17,80,0,4.7,clear sky
61,Ketchikan,US,2021-12-03 01:37:32,55.3422,-131.6461,32.47,93,75,4.61,light snow
62,Athabasca,CA,2021-12-03 01:38:04,54.7169,-113.2854,30.02,52,5,17.36,clear sky
63,Zhangzhou,CN,2021-12-03 01:37:58,24.5133,117.6556,64.15,31,5,1.05,clear sky
64,Beringovskiy,RU,2021-12-03 01:38:05,63.05,179.3167,33.46,97,100,25.64,snow
65,Airai,TL,2021-12-03 01:38:05,-8.9266,125.4092,77.72,44,98,1.34,overcast clouds
66,Winslow,US,2021-12-03 01:34:16,35.0242,-110.6974,49.96,35,1,4.61,clear sky
67,Ak-Dovurak,RU,2021-12-03 01:38:06,51.1833,90.6,-4.0,92,32,1.63,scattered clouds
68,Port Alfred,ZA,2021-12-03 01:38:07,-33.5906,26.891,62.2,73,65,20.87,broken clouds
69,Butaritari,KI,2021-12-03 01:38:07,3.0707,172.7902,81.93,73,13,11.65,few clouds
70,Khatanga,RU,2021-12-03 01:38:08,71.9667,102.5,-33.61,99,80,7.05,broken clouds
71,Sorland,NO,2021-12-03 01:38:09,67.667,12.6934,34.88,50,38,21.05,scattered clouds
72,Kieta,PG,2021-12-03 01:38:09,-6.2167,155.6333,85.69,72,100,5.61,light rain
73,Shelburne,CA,2021-12-03 01:38:09,44.0787,-80.2041,34.56,86,87,18.28,overcast clouds
74,Broken Hill,AU,2021-12-03 01:38:10,-31.95,141.4333,71.31,43,5,14.97,clear sky
75,Colesberg,ZA,2021-12-03 01:38:11,-30.72,25.0972,52.23,77,6,8.1,clear sky
76,Rairangpur,IN,2021-12-03 01:38:11,22.2676,86.1751,57.65,66,51,2.68,broken clouds
77,Chunoyar,RU,2021-12-03 01:38:12,57.4467,97.3217,22.57,83,100,5.19,overcast clouds
78,Bantou,CN,2021-12-03 01:38:12,26.2151,117.4893,54.28,41,2,2.59,clear sky
79,Atuona,PF,2021-12-03 01:36:47,-9.8,-139.0333,78.87,74,94,20.92,overcast clouds
80,Lagoa,PT,2021-12-03 01:38:13,39.05,-27.9833,63.7,83,7,11.63,clear sky
81,Aklavik,CA,2021-12-03 01:38:13,68.2191,-135.0107,-22.97,93,100,5.48,overcast clouds
82,Mahebourg,MU,2021-12-03 01:38:14,-20.4081,57.7,77.29,88,75,6.91,light rain
83,Victoria,HK,2021-12-03 01:35:03,22.2855,114.1577,65.25,34,4,4.0,clear sky
84,Vaini,TO,2021-12-03 01:38:15,-21.2,-175.2,82.56,83,40,12.66,scattered clouds
85,Mettur,IN,2021-12-03 01:38:15,11.8,77.8,74.46,89,94,1.7,overcast clouds
86,Nouadhibou,MR,2021-12-03 01:38:16,20.931,-17.0347,60.78,72,45,20.71,scattered clouds
87,Makakilo City,US,2021-12-03 01:38:16,21.3469,-158.0858,82.15,65,1,9.22,clear sky
88,Guaraniacu,BR,2021-12-03 01:38:17,-25.1008,-52.8781,62.71,68,0,2.53,clear sky
89,Mangaluru,IN,2021-12-03 01:37:53,12.8667,74.8833,76.06,94,20,0.0,mist
90,Jamestown,US,2021-12-03 01:38:17,42.097,-79.2353,42.39,73,75,7.0,broken clouds
91,Dothan,US,2021-12-03 01:39:18,31.2232,-85.3905,59.2,86,1,0.0,clear sky
92,Hailar,CN,2021-12-03 01:39:18,49.2,119.7,6.08,82,5,4.61,clear sky
93,Suriapet,IN,2021-12-03 01:39:19,17.15,79.6167,69.13,75,92,3.06,overcast clouds
94,Bani,DO,2021-12-03 01:39:19,18.2833,-70.3333,77.86,80,21,6.22,few clouds
95,Valle Nacional,MX,2021-12-03 01:39:20,17.7833,-96.3167,70.66,98,87,1.79,overcast clouds
96,Corrales,US,2021-12-03 01:39:20,35.2378,-106.6067,58.24,29,1,1.99,clear sky
97,Posse,BR,2021-12-03 01:39:21,-14.0931,-46.3694,69.8,91,100,2.86,heavy intensity rain
98,Sabang,ID,2021-12-03 01:39:21,5.8933,95.3214,80.71,76,100,5.97,overcast clouds
99,Albany,US,2021-12-03 01:34:32,42.6001,-73.9662,43.81,85,95,4.0,overcast clouds
100,Berlevag,NO,2021-12-03 01:39:22,70.8578,29.0864,26.42,68,100,10.89,overcast clouds
101,Margherita,IN,2021-12-03 01:39:23,27.2833,95.6833,56.68,65,50,1.7,scattered clouds
102,Qaanaaq,GL,2021-12-03 01:39:23,77.484,-69.3632,13.84,75,100,5.88,overcast clouds
103,Constitucion,CL,2021-12-03 01:39:24,-35.3333,-72.4167,55.99,78,100,13.76,overcast clouds
104,Nikolskoye,RU,2021-12-03 01:39:24,59.7035,30.7861,8.02,92,100,4.83,overcast clouds
105,Port-Gentil,GA,2021-12-03 01:39:25,-0.7193,8.7815,80.47,77,100,6.49,light rain
106,Clyde River,CA,2021-12-03 01:35:44,70.4692,-68.5914,-9.17,84,79,2.3,broken clouds
107,Mount Isa,AU,2021-12-03 01:39:26,-20.7333,139.5,98.37,18,87,12.66,overcast clouds
108,Kitahiroshima,JP,2021-12-03 01:39:26,42.9758,141.5672,44.62,81,72,10.0,broken clouds
109,Dikson,RU,2021-12-03 01:39:27,73.5069,80.5464,-19.03,94,54,11.1,broken clouds
110,Halifax,CA,2021-12-03 01:39:27,44.6453,-63.5724,52.21,96,100,1.99,overcast clouds
111,Fairbanks,US,2021-12-03 01:35:13,64.8378,-147.7164,-11.9,79,75,0.0,broken clouds
112,Ustynivka,UA,2021-12-03 01:39:28,47.9551,32.5367,43.18,94,100,8.99,overcast clouds
113,Thompson,CA,2021-12-03 01:39:29,55.7435,-97.8558,-20.04,76,20,0.0,few clouds
114,Tasiilaq,GL,2021-12-03 01:39:29,65.6145,-37.6368,13.03,55,96,7.78,overcast clouds
115,Flinders,AU,2021-12-03 01:39:29,-34.5833,150.8552,78.19,73,23,18.81,few clouds
116,Nome,US,2021-12-03 01:39:30,64.5011,-165.4064,-3.93,77,75,11.5,broken clouds
117,Tabou,CI,2021-12-03 01:39:31,4.423,-7.3528,79.14,83,65,4.85,broken clouds
118,Longyearbyen,SJ,2021-12-03 01:39:31,78.2186,15.6401,28.24,59,40,8.05,light snow
119,Hamilton,US,2021-12-03 01:39:31,39.1834,-84.5333,54.77,66,20,1.99,few clouds
120,Esperance,AU,2021-12-03 01:39:32,-33.8667,121.9,67.84,64,100,14.29,overcast clouds
121,Mahajanga,MG,2021-12-03 01:39:32,-15.7167,46.3167,73.42,68,20,4.61,few clouds
122,Chuy,UY,2021-12-03 01:39:33,-33.6971,-53.4616,58.75,80,0,7.43,clear sky
123,Severnyy,RU,2021-12-03 01:39:34,50.677,36.5532,39.24,93,75,11.18,broken clouds
124,Nanortalik,GL,2021-12-03 01:39:34,60.1432,-45.2371,21.22,81,42,19.1,scattered clouds
125,Abha,SA,2021-12-03 01:39:35,18.2164,42.5053,44.42,42,0,0.0,clear sky
126,Solnechnyy,RU,2021-12-03 01:39:35,50.7214,136.6319,6.4,79,24,3.18,few clouds
127,Camacha,PT,2021-12-03 01:39:35,33.0833,-16.3333,62.02,68,40,11.5,scattered clouds
128,Steenokkerzeel,BE,2021-12-03 01:39:36,50.9188,4.5114,36.34,94,40,5.99,scattered clouds
129,Pulivendla,IN,2021-12-03 01:39:37,14.4167,78.2333,71.47,81,43,2.48,scattered clouds
130,Lebu,CL,2021-12-03 01:39:37,-37.6167,-73.65,53.4,78,100,18.37,overcast clouds
131,Muroto,JP,2021-12-03 01:39:38,33.2833,134.15,48.24,54,0,8.19,clear sky
132,Nemuro,JP,2021-12-03 01:39:38,43.3236,145.575,46.83,77,32,32.37,scattered clouds
133,Bambous Virieux,MU,2021-12-03 01:40:39,-20.3428,57.7575,77.25,88,75,6.91,light rain
134,Huarmey,PE,2021-12-03 01:40:39,-10.0681,-78.1522,67.03,84,100,7.9,overcast clouds
135,Kangaatsiaq,GL,2021-12-03 01:40:40,68.3065,-53.4641,26.74,68,100,25.14,overcast clouds
136,Itoman,JP,2021-12-03 01:40:40,26.1247,127.6694,68.4,59,40,16.11,scattered clouds
137,Klaksvik,FO,2021-12-03 01:40:41,62.2266,-6.589,38.32,73,100,19.28,overcast clouds
138,Fortuna,US,2021-12-03 01:40:41,40.5982,-124.1573,52.41,75,90,1.01,overcast clouds
139,Katsuura,JP,2021-12-03 01:40:42,35.1333,140.3,61.2,68,90,8.43,overcast clouds
140,Vardo,NO,2021-12-03 01:40:42,70.3705,31.1107,27.45,58,100,16.26,light snow
141,Yar-Sale,RU,2021-12-03 01:40:43,66.8333,70.8333,0.7,95,100,15.57,overcast clouds
142,Itupiranga,BR,2021-12-03 01:40:43,-5.1347,-49.3267,75.51,92,90,0.98,overcast clouds
143,Oksfjord,NO,2021-12-03 01:40:44,70.2396,22.3479,23.92,80,88,6.64,overcast clouds
144,Hithadhoo,MV,2021-12-03 01:40:44,-0.6,73.0833,81.81,75,49,5.73,scattered clouds
145,Usak,TR,2021-12-03 01:40:45,38.5,29.4167,43.14,58,100,4.7,overcast clouds
146,Noumea,NC,2021-12-03 01:40:45,-22.2763,166.4572,84.99,99,92,7.85,overcast clouds
147,Pell City,US,2021-12-03 01:37:52,33.5862,-86.2861,59.31,80,1,0.0,clear sky
148,Vila Velha,BR,2021-12-03 01:40:46,-20.3297,-40.2925,76.95,88,75,5.01,broken clouds
149,Tura,IN,2021-12-03 01:40:47,25.5198,90.2201,67.55,68,16,1.81,few clouds
150,El Campo,US,2021-12-03 01:40:48,29.1966,-96.2697,69.15,94,1,5.75,clear sky
151,Bengkulu,ID,2021-12-03 01:40:48,-3.8004,102.2655,81.59,67,73,4.43,broken clouds
152,Verkhniy Avzyan,RU,2021-12-03 01:40:49,53.5289,57.5372,23.76,94,100,9.26,light snow
153,Provideniya,RU,2021-12-03 01:40:49,64.3833,-173.3,19.51,79,90,17.9,heavy snow
154,Lardos,GR,2021-12-03 01:40:49,36.0942,28.0157,58.82,71,0,6.24,clear sky
155,Keetmanshoop,NA,2021-12-03 01:40:50,-26.5833,18.1333,71.8,19,4,21.61,clear sky
156,Gambela,ET,2021-12-03 01:40:50,8.25,34.5833,77.13,49,37,3.42,scattered clouds
157,Soloneshnoye,RU,2021-12-03 01:40:51,51.6544,84.3197,23.92,69,15,8.19,few clouds
158,Aripuana,BR,2021-12-03 01:40:51,-9.1667,-60.6333,73.67,98,100,0.92,overcast clouds
159,Hasaki,JP,2021-12-03 01:40:52,35.7333,140.8333,54.28,73,94,10.74,overcast clouds
160,Savannah Bight,HN,2021-12-03 01:40:52,16.45,-85.85,77.0,74,34,4.88,scattered clouds
161,Luanda,AO,2021-12-03 01:39:20,-8.8368,13.2343,78.1,80,100,8.55,overcast clouds
162,Hearst,CA,2021-12-03 01:40:53,49.6835,-83.6665,3.45,90,76,6.64,broken clouds
163,Farakka,IN,2021-12-03 01:40:53,24.8167,87.9,68.47,62,70,3.31,broken clouds
164,Alta Floresta,BR,2021-12-03 01:40:54,-9.8756,-56.0861,71.76,96,100,1.92,overcast clouds
165,Christiana,ZA,2021-12-03 01:40:55,-27.914,25.1611,69.04,65,100,7.47,overcast clouds
166,Ponta Do Sol,PT,2021-12-03 01:40:55,32.6667,-17.1,64.71,70,14,7.45,few clouds
167,Gornyy,RU,2021-12-03 01:40:55,55.1153,83.9059,29.79,67,100,21.0,overcast clouds
168,Mehamn,NO,2021-12-03 01:40:56,71.0357,27.8492,24.6,72,100,8.84,light snow
169,Pevek,RU,2021-12-03 01:40:56,69.7008,170.3133,14.2,86,100,11.27,light snow
170,Gazanjyk,TM,2021-12-03 01:40:57,39.2446,55.5154,42.22,91,100,10.65,overcast clouds
171,Bindura,ZW,2021-12-03 01:40:57,-17.3019,31.3306,70.02,74,3,1.39,clear sky
172,Banjar,ID,2021-12-03 01:40:58,-8.19,114.9675,84.06,87,100,4.92,light rain
173,Hat Yai,TH,2021-12-03 01:40:58,7.0084,100.4767,75.38,100,75,0.0,broken clouds
174,Sisophon,KH,2021-12-03 01:40:58,13.5859,102.9737,69.19,68,86,11.12,overcast clouds
175,Ulladulla,AU,2021-12-03 01:40:59,-35.35,150.4667,74.77,83,100,10.31,overcast clouds
176,Acapulco,MX,2021-12-03 01:40:59,16.8634,-99.8901,82.22,69,1,6.91,clear sky
177,Leninskoye,KZ,2021-12-03 01:42:00,41.7589,69.3864,55.33,27,100,1.34,overcast clouds
178,Penzance,GB,2021-12-03 01:42:00,50.1186,-5.5371,51.76,96,100,26.91,light rain
179,Libreville,GA,2021-12-03 01:42:01,0.3925,9.4537,77.02,100,20,5.75,thunderstorm
180,Lasa,IT,2021-12-03 01:42:01,46.6166,10.7002,31.08,94,85,6.93,overcast clouds
181,Upernavik,GL,2021-12-03 01:42:02,72.7868,-56.1549,21.16,88,100,25.68,light snow
182,Salinopolis,BR,2021-12-03 01:39:17,-0.6136,-47.3561,79.23,82,11,6.15,few clouds
183,Santa Catarina De Tepehuanes,MX,2021-12-03 01:42:03,25.35,-105.7333,55.74,66,3,2.26,clear sky
184,Tazovskiy,RU,2021-12-03 01:42:04,67.4667,78.7,3.74,95,100,15.08,light snow
185,Sierpc,PL,2021-12-03 01:42:04,52.8568,19.6691,32.79,84,97,13.02,overcast clouds
186,Tres Passos,BR,2021-12-03 01:42:04,-27.4556,-53.9319,65.82,61,0,11.07,clear sky
187,Sorong,ID,2021-12-03 01:42:05,-0.8833,131.25,79.52,84,100,1.21,moderate rain
188,Husavik,IS,2021-12-03 01:42:05,66.0449,-17.3389,37.31,85,100,12.01,overcast clouds
189,Henties Bay,NA,2021-12-03 01:42:06,-22.116,14.2845,58.86,86,80,3.49,broken clouds
190,Faanui,PF,2021-12-03 01:38:50,-16.4833,-151.75,81.37,73,78,20.51,light rain
191,Bien Hoa,VN,2021-12-03 01:38:10,10.95,106.8167,76.98,69,54,8.14,broken clouds
192,Omsukchan,RU,2021-12-03 01:42:07,62.5333,155.8,-24.81,91,100,7.27,overcast clouds
193,Eureka,US,2021-12-03 01:42:07,40.8021,-124.1637,51.64,95,7,1.01,clear sky
194,Guerrero Negro,MX,2021-12-03 01:42:08,27.9769,-114.0611,63.01,83,3,10.63,clear sky
195,Cizre,TR,2021-12-03 01:42:08,37.3272,42.1903,47.64,50,0,2.24,clear sky
196,Naze,JP,2021-12-03 01:42:08,28.3667,129.4833,63.52,53,88,13.8,overcast clouds
197,Kang,BW,2021-12-03 01:42:09,-23.6752,22.7876,71.13,65,100,7.58,overcast clouds
198,Baki,ID,2021-12-03 01:42:10,-7.6128,110.7839,81.12,77,100,6.22,overcast clouds
199,Vanavara,RU,2021-12-03 01:42:10,60.34,102.2797,25.52,93,100,10.45,light snow
200,General Roca,AR,2021-12-03 01:42:11,-39.0333,-67.5833,68.4,33,94,18.23,overcast clouds
201,Greeneville,US,2021-12-03 01:42:11,36.1632,-82.831,59.07,51,20,4.61,few clouds
202,Baruun-Urt,MN,2021-12-03 01:42:12,46.6806,113.2792,22.84,59,21,8.81,few clouds
203,Amahai,ID,2021-12-03 01:42:12,-3.3333,128.9167,84.63,69,100,1.3,overcast clouds
204,Bethel,US,2021-12-03 01:42:13,41.3712,-73.414,56.57,70,40,3.0,scattered clouds
205,Rincon,US,2021-12-03 01:42:13,32.296,-81.2354,60.84,83,20,5.75,few clouds
206,Inverness,GB,2021-12-03 01:42:14,57.4791,-4.224,40.78,88,95,3.0,overcast clouds
207,Acari,PE,2021-12-03 01:42:14,-15.4311,-74.6158,69.87,79,43,3.15,scattered clouds
208,Margate,GB,2021-12-03 01:42:15,51.3813,1.3862,36.7,75,100,1.01,overcast clouds
209,Kavieng,PG,2021-12-03 01:42:15,-2.5744,150.7967,83.03,75,94,7.56,light rain
210,Tombouctou,ML,2021-12-03 01:42:16,20.0,-3.0,67.23,19,77,10.27,broken clouds
211,Pangnirtung,CA,2021-12-03 01:42:16,66.1451,-65.7125,21.2,68,90,8.05,light snow
212,Lompoc,US,2021-12-03 01:42:17,34.6391,-120.4579,57.02,89,90,4.61,mist
213,Khandbari,NP,2021-12-03 01:42:18,27.3747,87.2039,61.5,70,24,0.2,few clouds
214,Hecun,CN,2021-12-03 01:42:18,36.5333,114.1111,46.15,27,0,4.29,clear sky
215,Terra Nova,BR,2021-12-03 01:42:18,-12.3667,-40.6667,68.59,94,100,0.47,overcast clouds
216,Stornoway,GB,2021-12-03 01:42:19,58.2093,-6.3865,44.56,85,75,5.99,broken clouds
217,Camana,PE,2021-12-03 01:42:20,-16.6228,-72.7111,67.35,82,96,7.0,overcast clouds
218,Iqaluit,CA,2021-12-03 01:42:20,63.7506,-68.5145,19.13,68,75,5.75,broken clouds
219,Vao,NC,2021-12-03 01:42:21,-22.6667,167.4833,76.69,77,98,16.67,overcast clouds
220,Hanzhong,CN,2021-12-03 01:42:21,33.0728,107.0303,47.62,46,94,0.76,overcast clouds
221,Inongo,CD,2021-12-03 01:43:21,-1.95,18.2667,70.09,96,100,2.24,moderate rain
222,Tiksi,RU,2021-12-03 01:43:22,71.6872,128.8694,-30.15,100,81,2.06,broken clouds
223,Aldan,RU,2021-12-03 01:43:22,58.6031,125.3894,-13.85,95,100,5.3,overcast clouds
224,Buarcos,PT,2021-12-03 01:43:23,40.166,-8.8768,48.56,83,0,15.08,clear sky
225,Praia Da Vitoria,PT,2021-12-03 01:43:23,38.7333,-27.0667,61.05,94,75,7.38,broken clouds
226,Norman Wells,CA,2021-12-03 01:43:24,65.282,-126.8329,-12.96,70,75,16.11,broken clouds
227,Eyrarbakki,IS,2021-12-03 01:43:24,63.863,-21.1481,37.45,85,100,15.57,overcast clouds
228,Hervey Bay,AU,2021-12-03 01:43:25,-25.2986,152.8535,87.04,70,33,7.0,scattered clouds
229,Oktyabrskoye,RU,2021-12-03 01:43:26,43.0645,44.7417,17.74,100,0,6.71,clear sky
230,Tigil,RU,2021-12-03 01:43:26,57.8,158.6667,25.61,90,100,36.66,light snow
231,Namatanai,PG,2021-12-03 01:43:27,-3.6667,152.4333,83.34,75,100,6.49,moderate rain
232,Kindu,CD,2021-12-03 01:42:45,-2.95,25.95,69.06,99,100,2.33,light rain
233,Buala,SB,2021-12-03 01:43:28,-8.145,159.5921,84.94,70,83,2.28,light rain
234,Matay,EG,2021-12-03 01:43:28,28.419,30.7792,56.77,65,64,6.71,broken clouds
235,Udachnyy,RU,2021-12-03 01:43:28,66.4167,112.4,-26.55,74,100,6.11,overcast clouds
236,Cairns,AU,2021-12-03 01:43:29,-16.9167,145.7667,96.94,58,40,12.66,scattered clouds
237,Bowen,AU,2021-12-03 01:43:29,-20.0167,148.2333,88.02,64,100,17.45,overcast clouds
238,Faya,SA,2021-12-03 01:43:30,18.3851,42.4509,44.71,29,0,1.68,clear sky
239,Chapais,CA,2021-12-03 01:43:30,49.7834,-74.8492,20.98,92,100,15.88,overcast clouds
240,Karasjok,NO,2021-12-03 01:43:31,69.4719,25.5112,-0.29,97,100,4.56,overcast clouds
241,Srednekolymsk,RU,2021-12-03 01:43:31,67.45,153.6833,-14.22,98,100,15.08,snow
242,Leningradskiy,RU,2021-12-03 01:43:32,69.3833,178.4167,4.33,92,100,17.11,overcast clouds
243,Port Hardy,CA,2021-12-03 01:43:32,50.6996,-127.4199,40.75,81,90,6.91,light rain
244,Springdale,US,2021-12-03 01:42:17,36.1867,-94.1288,62.08,54,1,0.0,clear sky
245,Barrow,US,2021-12-03 01:41:16,71.2906,-156.7887,-11.18,70,90,11.5,haze
246,Tessalit,ML,2021-12-03 01:43:33,20.1986,1.0114,69.89,15,81,2.73,broken clouds
247,Puerto El Triunfo,SV,2021-12-03 01:43:33,13.2833,-88.55,83.32,68,100,7.25,overcast clouds
248,Rosarito,MX,2021-12-03 01:43:34,32.3333,-117.0333,62.04,85,45,4.7,scattered clouds
249,Marquette,US,2021-12-03 01:43:34,46.5333,-87.6335,29.34,76,100,5.64,overcast clouds
250,Tortoli,IT,2021-12-03 01:43:35,39.9256,9.6572,51.98,54,0,4.61,clear sky
251,Jacksonville,US,2021-12-03 01:43:36,30.3322,-81.6556,59.04,82,1,0.0,clear sky
252,Hofn,IS,2021-12-03 01:43:36,64.2539,-15.2082,35.65,61,93,7.81,overcast clouds
253,Cockburn Town,TC,2021-12-03 01:43:37,21.4612,-71.1419,80.89,76,0,9.4,clear sky
254,Yarmouth,US,2021-12-03 01:43:37,41.7057,-70.2286,56.44,92,90,16.11,overcast clouds
255,Nioro,GM,2021-12-03 01:43:38,13.35,-15.75,75.34,23,97,3.87,overcast clouds
256,Menongue,AO,2021-12-03 01:43:38,-14.6585,17.691,62.82,93,89,2.95,light rain
257,Ixhuatan,MX,2021-12-03 01:43:38,16.3569,-94.4825,75.99,72,100,11.05,overcast clouds
258,Tiznit,MA,2021-12-03 01:43:39,29.5833,-9.5,53.17,74,46,5.53,scattered clouds
259,Laguna,US,2021-12-03 01:42:16,38.421,-121.4238,64.2,82,1,0.0,clear sky
260,Divnomorskoye,RU,2021-12-03 01:43:40,44.5011,38.1353,51.66,75,100,18.5,overcast clouds
261,Hatillo,PR,2021-12-03 01:43:40,18.4863,-66.8254,78.78,90,1,9.26,clear sky
262,Poronaysk,RU,2021-12-03 01:39:55,49.2167,143.1167,25.97,86,100,0.89,overcast clouds
263,Port Lincoln,AU,2021-12-03 01:43:41,-34.7333,135.8667,63.84,56,99,8.01,overcast clouds
264,Pacific Grove,US,2021-12-03 01:41:12,36.6177,-121.9166,61.29,87,20,1.99,few clouds
265,Sao Jose Da Coroa Grande,BR,2021-12-03 01:43:42,-8.8978,-35.1478,78.46,82,100,9.35,overcast clouds
266,Evanston,US,2021-12-03 01:38:50,42.0411,-87.6901,49.08,48,75,7.0,broken clouds
267,San Cristobal,VE,2021-12-03 01:43:43,7.7669,-72.225,69.98,92,90,1.86,overcast clouds
268,Campobasso,IT,2021-12-03 01:44:43,41.6333,14.5833,47.8,95,100,0.34,overcast clouds
269,Ribeira Grande,PT,2021-12-03 01:44:43,38.5167,-28.7,64.9,79,15,15.19,few clouds
270,Touros,BR,2021-12-03 01:44:44,-5.1989,-35.4608,81.5,80,67,11.92,broken clouds
271,Veraval,IN,2021-12-03 01:44:44,20.9,70.3667,65.46,61,0,11.81,clear sky
272,Tsiroanomandidy,MG,2021-12-03 01:44:45,-18.7667,46.0333,68.5,66,35,4.94,scattered clouds
273,Eyl,SO,2021-12-03 01:44:46,7.9803,49.8164,72.43,76,6,10.89,clear sky
274,Saint-Francois,FR,2021-12-03 01:44:46,46.4154,3.9054,33.48,91,0,4.61,clear sky
275,Along,IN,2021-12-03 01:44:47,28.1667,94.7667,62.38,60,57,0.67,broken clouds
276,Lakatoro,VU,2021-12-03 01:44:47,-16.0999,167.4164,84.11,71,100,10.29,heavy intensity rain
277,Luderitz,NA,2021-12-03 01:44:48,-26.6481,15.1594,60.67,73,61,15.5,broken clouds
278,Verkhnyaya Inta,RU,2021-12-03 01:44:48,65.9811,60.3094,7.9,96,100,5.35,light snow
279,Rocha,UY,2021-12-03 01:44:49,-34.4833,-54.3333,54.59,94,0,5.55,clear sky
280,Bilma,NE,2021-12-03 01:44:49,18.6853,12.9164,66.02,23,0,7.67,clear sky
281,Ozinki,RU,2021-12-03 01:44:50,51.1786,49.6769,27.97,87,53,15.35,broken clouds
282,Ancud,CL,2021-12-03 01:44:51,-41.8697,-73.8203,51.33,78,2,5.44,clear sky
283,Necochea,AR,2021-12-03 01:44:51,-38.5473,-58.7368,68.04,60,57,15.7,broken clouds
284,San Roque,ES,2021-12-03 01:44:52,36.2107,-5.3842,52.63,58,0,6.91,clear sky
285,Cidreira,BR,2021-12-03 01:44:52,-30.1811,-50.2056,66.72,75,58,13.82,broken clouds
286,Talnakh,RU,2021-12-03 01:44:53,69.4865,88.3972,-0.33,92,99,1.97,overcast clouds
287,Porto Velho,BR,2021-12-03 01:44:53,-8.7619,-63.9039,77.05,94,20,1.14,few clouds
288,Opuwo,NA,2021-12-03 01:44:54,-18.0607,13.84,64.74,39,31,0.98,scattered clouds
289,Mabamba,TZ,2021-12-03 01:44:54,-3.5983,30.5019,61.75,93,96,0.65,overcast clouds
290,Areosa,PT,2021-12-03 01:44:55,41.7178,-8.8571,47.46,80,2,9.95,clear sky
291,Ngama,TD,2021-12-03 01:44:55,11.7833,17.1667,72.39,24,15,9.08,few clouds
292,Mingshui,CN,2021-12-03 01:44:56,36.7167,117.5,44.58,42,0,2.86,clear sky
293,Yebaishou,CN,2021-12-03 01:44:56,41.3975,119.6408,29.73,41,12,5.95,few clouds
294,Coquimbo,CL,2021-12-03 01:44:57,-29.9533,-71.3436,58.73,82,90,6.91,overcast clouds
295,Kununurra,AU,2021-12-03 01:44:57,-15.7667,128.7333,98.58,44,100,5.75,overcast clouds
296,Nisia Floresta,BR,2021-12-03 01:44:58,-6.0911,-35.2086,81.41,86,75,6.76,broken clouds
297,Sosua,DO,2021-12-03 01:44:58,19.7667,-70.5167,78.78,100,40,0.0,scattered clouds
298,Raxaul,IN,2021-12-03 01:44:59,26.9833,84.85,65.43,64,95,4.85,overcast clouds
299,Yerbogachen,RU,2021-12-03 01:44:59,61.2767,108.0108,0.28,97,100,8.84,light snow
300,Havre-Saint-Pierre,CA,2021-12-03 01:45:00,50.2334,-63.5986,37.99,93,90,14.97,overcast clouds
301,Kassala,SD,2021-12-03 01:45:00,15.451,36.4,72.46,75,0,8.63,clear sky
302,Cap Malheureux,MU,2021-12-03 01:45:01,-19.9842,57.6142,77.49,80,13,3.0,few clouds
303,Joigny,FR,2021-12-03 01:45:01,47.9829,3.401,33.82,94,69,4.43,broken clouds
304,Oktyabrskiy,RU,2021-12-03 01:45:02,54.4815,53.471,25.05,85,100,13.73,overcast clouds
305,Mayumba,GA,2021-12-03 01:45:03,-3.432,10.6554,77.34,87,100,1.45,light rain
306,Aykhal,RU,2021-12-03 01:45:03,66.0,111.5,-28.59,98,100,8.55,overcast clouds
307,Prince Rupert,CA,2021-12-03 01:45:03,54.3161,-130.3201,40.69,70,90,13.8,light rain
308,Half Moon Bay,US,2021-12-03 01:45:04,37.4636,-122.4286,63.77,84,90,1.01,mist
309,Calvia,ES,2021-12-03 01:45:05,39.5657,2.5062,41.07,85,26,6.24,scattered clouds
310,Areka,ET,2021-12-03 01:45:05,7.0667,37.7,57.4,45,35,5.82,scattered clouds
311,Palmer,US,2021-12-03 01:46:06,42.1584,-72.3287,52.41,77,20,4.0,few clouds
312,Jumla,NP,2021-12-03 01:46:06,29.2747,82.1838,45.93,99,100,3.02,overcast clouds
313,Asau,RO,2021-12-03 01:46:07,46.4333,26.4,39.76,68,100,5.57,overcast clouds
314,Sao Filipe,CV,2021-12-03 01:46:07,14.8961,-24.4956,74.73,68,87,8.95,overcast clouds
315,Ligayan,PH,2021-12-03 01:46:08,4.6533,119.4706,81.91,78,100,13.6,overcast clouds
316,Kobryn,BY,2021-12-03 01:46:08,52.2138,24.3564,32.04,78,100,11.05,overcast clouds
317,Duminichi,RU,2021-12-03 01:46:09,53.9345,35.1099,35.73,89,100,11.99,overcast clouds
318,Ilulissat,GL,2021-12-03 01:46:09,69.2167,-51.1,20.93,76,100,15.23,overcast clouds
319,Uyuni,BO,2021-12-03 01:46:09,-20.4597,-66.825,54.61,47,100,3.44,overcast clouds
320,Erdenet,MN,2021-12-03 01:46:10,49.0333,104.0833,14.23,68,6,3.91,clear sky
321,Mucurapo,TT,2021-12-03 01:46:10,10.6667,-61.5333,77.97,84,97,6.06,overcast clouds
322,Brae,GB,2021-12-03 01:46:11,60.3964,-1.353,39.11,94,100,14.5,overcast clouds
323,Saint-Pierre,RE,2021-12-03 01:46:11,-21.3393,55.4781,76.64,83,40,9.22,scattered clouds
324,Maltahohe,NA,2021-12-03 01:46:12,-24.8333,16.9833,66.83,18,20,4.72,few clouds
325,Nicoya,CR,2021-12-03 01:46:12,10.1483,-85.452,78.35,79,62,9.84,broken clouds
326,Ostrovnoy,RU,2021-12-03 01:46:12,68.0531,39.5131,24.58,74,100,18.19,light snow
327,Pidhaytsi,UA,2021-12-03 01:46:13,49.2685,25.1334,43.03,97,100,9.95,overcast clouds
328,Trincomalee,LK,2021-12-03 01:46:14,8.5711,81.2335,77.76,84,71,5.77,broken clouds
329,Grand-Lahou,CI,2021-12-03 01:46:14,5.1367,-5.0242,78.53,87,37,5.82,light rain
330,Arlit,NE,2021-12-03 01:46:15,18.7369,7.3853,67.51,17,2,6.04,clear sky
331,Kolvereid,NO,2021-12-03 01:46:15,64.8655,11.6047,18.88,75,7,9.93,clear sky
332,Gat,IL,2021-12-03 01:46:16,31.61,34.7642,57.81,59,9,5.08,clear sky
333,Itarema,BR,2021-12-03 01:45:30,-2.9248,-39.9167,80.69,76,88,12.71,overcast clouds
334,Narsaq,GL,2021-12-03 01:46:16,60.9167,-46.05,5.22,76,1,5.03,clear sky
335,Valparaiso,CL,2021-12-03 01:45:15,-33.0393,-71.6273,58.64,94,75,6.91,broken clouds
336,Broome,US,2021-12-03 01:46:17,42.2506,-75.833,42.85,79,90,3.0,overcast clouds
337,Raton,US,2021-12-03 01:44:02,36.9034,-104.4391,54.64,26,1,4.61,clear sky
338,Wanaka,NZ,2021-12-03 01:46:18,-44.7,169.15,60.35,95,100,2.84,overcast clouds
339,Zhigansk,RU,2021-12-03 01:46:19,66.7697,123.3711,-40.16,98,34,7.14,scattered clouds
340,Edd,ER,2021-12-03 01:46:19,13.9297,41.6925,78.37,57,0,12.28,clear sky
341,Decatur,US,2021-12-03 01:44:58,39.8403,-88.9548,51.55,57,1,5.75,clear sky
342,Medea,DZ,2021-12-03 01:46:20,36.2642,2.7539,36.05,93,72,7.96,broken clouds
343,Ambon,ID,2021-12-03 01:46:21,-3.6954,128.1814,86.14,74,40,3.44,scattered clouds
344,Turka,UA,2021-12-03 01:46:21,49.1541,23.0297,31.26,99,100,8.08,snow
345,Hobyo,SO,2021-12-03 01:46:22,5.3505,48.5268,77.54,71,20,14.07,few clouds
346,Juneau,US,2021-12-03 01:43:46,58.3019,-134.4197,32.22,95,90,6.91,snow
347,Haines Junction,CA,2021-12-03 01:46:22,60.7522,-137.5108,3.15,60,100,11.5,overcast clouds
348,Balkanabat,TM,2021-12-03 01:46:23,39.5108,54.3671,45.68,85,100,0.85,overcast clouds
349,Batagay,RU,2021-12-03 01:46:23,67.6333,134.6333,-44.95,99,100,1.41,overcast clouds
350,Asyut,EG,2021-12-03 01:46:24,27.181,31.1837,53.78,59,61,6.26,broken clouds
351,Tevriz,RU,2021-12-03 01:46:24,57.509,72.4042,32.49,78,100,11.95,overcast clouds
352,Kodinsk,RU,2021-12-03 01:46:25,58.6881,99.1844,20.98,91,100,5.39,overcast clouds
353,Chokurdakh,RU,2021-12-03 01:46:25,70.6333,147.9167,-25.37,98,100,8.88,overcast clouds
354,Kodiak,US,2021-12-03 01:46:26,57.79,-152.4072,18.91,58,1,16.11,clear sky
355,Belyy Yar,RU,2021-12-03 01:46:26,53.6039,91.3903,-2.31,84,20,0.0,mist
356,Kenai,US,2021-12-03 01:45:14,60.5544,-151.2583,12.15,81,1,0.0,clear sky
357,Wegrow,PL,2021-12-03 01:46:27,52.3995,22.0163,35.64,83,100,10.89,overcast clouds
358,Manavalakurichi,IN,2021-12-03 01:47:27,8.1333,77.3,80.69,83,100,5.23,overcast clouds
359,Bonga,ET,2021-12-03 01:47:28,7.2833,36.2333,57.78,73,78,1.28,broken clouds
360,Sansepolcro,IT,2021-12-03 01:47:28,43.5747,12.143,42.42,67,100,4.29,overcast clouds
361,Svetlogorsk,BY,2021-12-03 01:47:29,52.6333,29.7333,31.73,96,100,7.27,overcast clouds
362,Nhulunbuy,AU,2021-12-03 01:47:29,-12.2333,136.7667,90.21,62,75,10.36,broken clouds
363,Sigli,ID,2021-12-03 01:47:30,5.3848,95.9609,80.08,80,99,2.93,overcast clouds
364,Det Udom,TH,2021-12-03 01:47:30,14.906,105.0784,73.04,65,13,12.37,few clouds
365,Yulara,AU,2021-12-03 01:47:31,-25.2406,130.9889,98.44,10,0,21.85,clear sky
366,Lavrentiya,RU,2021-12-03 01:47:31,65.5833,-171.0,4.59,95,100,8.77,light snow
367,Sur,OM,2021-12-03 01:47:32,22.5667,59.5289,71.65,60,1,6.87,clear sky
368,Dehloran,IR,2021-12-03 01:47:32,32.6941,47.2679,55.62,50,0,4.92,clear sky
369,Sipe Sipe,BO,2021-12-03 01:47:33,-17.45,-66.3833,62.76,76,100,2.21,overcast clouds
370,Sarishabari,BD,2021-12-03 01:47:33,24.7333,89.8333,70.21,65,54,5.41,broken clouds
371,Palauig,PH,2021-12-03 01:47:34,15.435,119.9045,80.96,60,100,0.29,overcast clouds
372,Geraldton,AU,2021-12-03 01:47:31,-28.7667,114.6,81.01,34,0,16.11,clear sky
373,Dzilam Gonzalez,MX,2021-12-03 01:47:34,21.2833,-88.9333,75.11,77,100,9.53,overcast clouds
374,Formosa,AR,2021-12-03 01:42:40,-26.1775,-58.1781,73.38,73,0,2.3,clear sky
375,Djibo,BF,2021-12-03 01:47:35,14.1022,-1.6306,76.91,17,51,7.96,broken clouds
376,Lazaro Cardenas,MX,2021-12-03 01:47:35,17.9583,-102.2,78.12,84,5,3.91,clear sky
377,Polunochnoye,RU,2021-12-03 01:47:36,60.8697,60.4153,18.7,82,100,8.57,overcast clouds
378,Saldanha,ZA,2021-12-03 01:47:36,-33.0117,17.9442,53.65,73,100,12.77,overcast clouds
379,Sagauli,IN,2021-12-03 01:47:37,26.7833,84.7333,66.81,57,95,4.25,overcast clouds
380,Impfondo,CG,2021-12-03 01:47:37,1.6381,18.0667,70.66,94,100,0.74,light rain
381,San Martin,AR,2021-12-03 01:44:32,-33.081,-68.4681,77.54,64,15,10.98,few clouds
382,Moose Factory,CA,2021-12-03 01:47:38,51.2585,-80.6094,5.0,61,1,14.97,clear sky
383,Sant Julia De Loria,AD,2021-12-03 01:47:38,42.4625,1.4825,32.79,87,30,13.13,scattered clouds
384,Bokajan,IN,2021-12-03 01:47:39,26.0167,93.7833,65.39,79,62,2.37,broken clouds
385,Hovd,MN,2021-12-03 01:47:39,48.0056,91.6419,11.8,63,0,1.99,clear sky
386,Coihaique,CL,2021-12-03 01:47:39,-45.5752,-72.0662,48.81,66,0,4.61,clear sky
387,Weligama,LK,2021-12-03 01:45:44,5.9667,80.4167,78.89,81,7,1.03,clear sky
388,Canavieiras,BR,2021-12-03 01:47:40,-15.675,-38.9472,75.11,94,95,4.03,moderate rain
389,Pervomayskiy,RU,2021-12-03 01:47:41,53.2485,40.2871,32.13,94,100,13.65,overcast clouds
390,Bubaque,GW,2021-12-03 01:47:41,11.2833,-15.8333,81.46,61,98,10.51,overcast clouds
391,Pangoa,PE,2021-12-03 01:47:41,-12.1167,-73.0,67.93,90,100,2.21,overcast clouds
392,Honiara,SB,2021-12-03 01:47:37,-9.4333,159.95,84.87,75,84,2.64,broken clouds
393,Aguimes,ES,2021-12-03 01:47:43,27.9054,-15.4461,63.23,61,75,18.41,broken clouds
394,Bandarbeyla,SO,2021-12-03 01:47:43,9.4942,50.8122,75.52,65,0,15.99,clear sky
395,Bilibino,RU,2021-12-03 01:47:44,68.0546,166.4372,3.49,93,100,7.02,light snow
396,Axim,GH,2021-12-03 01:47:44,4.8699,-2.2405,78.69,86,83,4.72,broken clouds
397,Yairipok,IN,2021-12-03 01:47:45,24.6667,94.0667,53.46,79,79,0.94,broken clouds
398,Muisne,EC,2021-12-03 01:47:45,0.6,-80.0333,74.77,88,100,8.66,overcast clouds
399,Ahipara,NZ,2021-12-03 01:47:46,-35.1667,173.1667,71.01,70,100,1.59,overcast clouds
400,Contamana,PE,2021-12-03 01:47:46,-7.3333,-75.0167,76.26,77,100,3.27,overcast clouds
401,Roald,NO,2021-12-03 01:47:46,62.5833,6.1333,26.01,68,2,9.22,clear sky
402,Meulaboh,ID,2021-12-03 01:47:47,4.1363,96.1285,78.15,87,100,3.4,overcast clouds
403,Seoul,KR,2021-12-03 01:47:48,37.5683,126.9778,40.51,33,0,16.11,clear sky
404,Amapa,BR,2021-12-03 01:47:48,1.0,-52.0,71.64,99,100,3.76,overcast clouds
405,Saint George,US,2021-12-03 01:45:30,37.1041,-113.5841,57.79,32,1,1.01,clear sky
406,Boquete,PA,2021-12-03 01:45:32,8.7833,-82.4333,65.8,91,72,5.93,broken clouds
407,Kapoeta,SS,2021-12-03 01:48:49,4.7717,33.5903,81.07,43,26,18.01,scattered clouds
408,Kurchum,KZ,2021-12-03 01:48:50,48.5722,83.6542,8.82,78,6,3.24,clear sky
409,Maldonado,UY,2021-12-03 01:48:50,-34.6667,-54.9167,61.99,94,0,7.31,clear sky
410,Kavaratti,IN,2021-12-03 01:48:51,10.5669,72.642,81.37,78,32,5.3,scattered clouds
411,Atherton,GB,2021-12-03 01:48:51,53.5237,-2.4935,37.72,91,100,4.0,light rain
412,Cachoeiras De Macacu,BR,2021-12-03 01:48:52,-22.4625,-42.6531,75.31,97,98,0.54,overcast clouds
413,Usinsk,RU,2021-12-03 01:48:52,65.9939,57.5281,4.3,95,100,12.19,light snow
414,Wageningen,NL,2021-12-03 01:48:53,51.9667,5.6667,36.86,94,90,4.61,mist
415,Acurenam,GQ,2021-12-03 01:48:54,1.0322,10.6488,68.4,99,94,3.11,overcast clouds
416,Zhuzhou,CN,2021-12-03 01:48:54,27.8333,113.15,44.73,34,25,0.72,scattered clouds
417,Aromashevo,RU,2021-12-03 01:48:55,56.8602,68.6375,24.69,84,88,14.94,overcast clouds
418,Klyuchi,RU,2021-12-03 01:48:56,52.2667,79.1667,28.58,76,100,15.55,overcast clouds
419,Grindavik,IS,2021-12-03 01:48:56,63.8424,-22.4338,37.35,75,75,18.41,broken clouds
420,Saint-Leu,RE,2021-12-03 01:48:57,-21.15,55.2833,76.03,78,1,8.1,clear sky
421,Nguru,NG,2021-12-03 01:48:57,12.8791,10.4526,68.72,25,8,9.08,clear sky
422,Waingapu,ID,2021-12-03 01:48:58,-9.6567,120.2641,86.14,65,100,4.29,overcast clouds
423,Caravelas,BR,2021-12-03 01:48:58,-17.7125,-39.2481,74.79,91,35,7.7,scattered clouds
424,Biak,ID,2021-12-03 01:48:59,-0.9131,122.8766,84.33,64,100,2.48,overcast clouds
425,Chardara,KZ,2021-12-03 01:48:59,41.2547,67.9692,58.64,29,100,8.93,overcast clouds
426,Cabatuan,PH,2021-12-03 01:49:00,10.8794,122.486,81.55,76,83,14.07,broken clouds
427,Boden,SE,2021-12-03 01:49:01,65.8252,21.6886,23.0,92,100,7.78,light snow
428,Mogok,MM,2021-12-03 01:49:01,22.9167,96.5,64.78,60,39,1.57,scattered clouds
429,Shimoda,JP,2021-12-03 01:49:02,34.6667,138.95,61.16,61,2,14.12,clear sky
430,Champerico,GT,2021-12-03 01:49:03,14.3,-91.9167,83.35,73,100,2.21,overcast clouds
431,Yarada,IN,2021-12-03 01:49:03,17.65,83.2667,75.52,78,75,3.44,mist
432,Lesosibirsk,RU,2021-12-03 01:49:04,58.2358,92.4828,27.59,72,62,8.86,broken clouds
433,Kaeo,NZ,2021-12-03 01:49:04,-35.1,173.7833,74.32,74,100,8.97,overcast clouds
434,Muhos,FI,2021-12-03 01:49:05,64.808,25.9931,20.98,86,100,8.03,overcast clouds
435,Lipin Bor,RU,2021-12-03 01:49:05,60.2622,37.9763,7.12,97,99,1.07,overcast clouds
436,Kailua,US,2021-12-03 01:49:06,21.4022,-157.7394,84.07,69,75,14.97,broken clouds
437,Gushikawa,JP,2021-12-03 01:49:07,26.3544,127.8686,67.62,49,20,11.5,few clouds
438,Leticia,CO,2021-12-03 01:49:08,-4.2153,-69.9406,73.63,96,96,1.3,overcast clouds
439,Lodja,CD,2021-12-03 01:49:08,-3.4833,23.4333,69.39,97,100,1.54,light rain
440,Sola,VU,2021-12-03 01:49:08,-13.8833,167.55,79.88,78,100,11.52,overcast clouds
441,Ondjiva,AO,2021-12-03 01:49:09,-17.0667,15.7333,72.41,61,88,4.36,overcast clouds
442,Deputatskiy,RU,2021-12-03 01:49:09,69.3,139.9,-25.13,98,100,1.81,overcast clouds
443,Vieques,PR,2021-12-03 01:49:10,18.425,-65.8329,80.64,69,20,0.0,few clouds
444,Luau,AO,2021-12-03 01:49:10,-10.7073,22.2247,63.28,98,66,3.31,broken clouds
445,Khandyga,RU,2021-12-03 01:49:11,62.6667,135.6,-39.89,97,55,1.57,broken clouds
446,Verkh-Usugli,RU,2021-12-03 01:49:11,52.7,115.1667,5.83,75,10,1.36,clear sky
447,Sharanga,RU,2021-12-03 01:49:12,57.1775,46.5396,23.49,92,100,9.48,overcast clouds
448,La Ligua,CL,2021-12-03 01:49:12,-32.4524,-71.2311,56.98,86,1,2.33,clear sky
449,Fort Nelson,CA,2021-12-03 01:49:12,58.8053,-122.7002,-6.21,77,20,6.91,few clouds
450,Susuman,RU,2021-12-03 01:49:13,62.7833,148.1667,-19.68,96,100,3.24,overcast clouds
451,Calama,CL,2021-12-03 01:46:55,-22.4667,-68.9333,54.57,24,12,3.44,few clouds
452,Killybegs,IE,2021-12-03 01:50:14,54.6333,-8.45,46.45,81,100,17.0,overcast clouds
453,Miri,MY,2021-12-03 01:50:14,4.4148,114.0089,82.54,83,20,5.75,few clouds
454,Aviles,ES,2021-12-03 01:50:14,43.5547,-5.9248,50.77,85,75,7.0,broken clouds
455,Taquari,BR,2021-12-03 01:50:15,-29.7997,-51.8644,66.31,76,56,6.44,broken clouds
456,Severiano Melo,BR,2021-12-03 01:50:15,-5.7772,-37.9578,79.05,75,27,8.99,scattered clouds
457,Sfantu Gheorghe,RO,2021-12-03 01:46:59,45.8667,25.7833,44.26,84,100,2.37,overcast clouds
458,Jiazi,CN,2021-12-03 01:50:17,22.8779,116.067,61.9,29,1,8.77,clear sky
459,Kautokeino,NO,2021-12-03 01:50:18,69.0125,23.0412,7.23,98,100,5.84,overcast clouds
460,Quelimane,MZ,2021-12-03 01:50:18,-17.8786,36.8883,76.77,84,0,5.73,clear sky
461,Myitkyina,MM,2021-12-03 01:50:19,25.3833,97.4,67.14,59,37,2.08,scattered clouds
462,Kirakira,SB,2021-12-03 01:50:19,-10.4544,161.9205,83.48,78,69,1.66,broken clouds
463,Chicama,PE,2021-12-03 01:50:19,-7.8447,-79.1469,61.34,80,100,6.33,overcast clouds
464,Bonthe,SL,2021-12-03 01:50:20,7.5264,-12.505,79.54,83,74,4.65,light rain
465,Sitka,US,2021-12-03 01:50:20,57.0531,-135.33,33.69,75,75,10.36,light rain
466,Akhmim,EG,2021-12-03 01:50:21,26.5622,31.745,53.8,58,53,7.05,broken clouds
467,Nelson Bay,AU,2021-12-03 01:50:21,-32.7167,152.15,89.78,71,0,12.82,clear sky
468,Muyezerskiy,RU,2021-12-03 01:50:22,63.9333,31.65,17.26,94,100,9.93,overcast clouds
469,Fairborn,US,2021-12-03 01:50:22,39.8209,-84.0194,52.81,79,1,8.05,clear sky
470,Pisco,PE,2021-12-03 01:50:23,-13.7,-76.2167,66.25,82,0,16.11,clear sky
471,Lumby,CA,2021-12-03 01:50:23,50.2498,-118.969,43.39,52,15,5.75,few clouds
472,Killam,CA,2021-12-03 01:50:24,52.7834,-111.8518,27.99,68,0,10.36,clear sky
473,Xam Nua,LA,2021-12-03 01:50:24,20.4197,104.0439,58.12,43,49,2.68,scattered clouds
474,San Jose De Guanipa,VE,2021-12-03 01:50:25,8.8872,-64.1651,75.7,76,99,9.31,overcast clouds
475,Codrington,AU,2021-12-03 01:50:25,-38.2667,141.9667,62.71,53,23,12.97,few clouds
476,Upington,ZA,2021-12-03 01:50:26,-28.4478,21.2561,66.58,27,0,5.75,clear sky
477,Bloemfontein,ZA,2021-12-03 01:50:12,-29.1211,26.214,56.68,94,94,1.14,overcast clouds
478,Alofi,NU,2021-12-03 01:50:27,-19.0595,-169.9187,80.49,78,75,18.41,light rain
479,Makurdi,NG,2021-12-03 01:50:27,7.7411,8.5121,76.24,35,76,1.61,broken clouds
480,Presidencia Roque Saenz Pena,AR,2021-12-03 01:50:28,-26.7852,-60.4388,68.92,68,0,4.54,clear sky
481,Zelenoborskiy,RU,2021-12-03 01:50:28,66.845,32.3622,13.48,91,96,7.07,overcast clouds
482,Kabare,CD,2021-12-03 01:50:29,-2.4683,28.8242,59.58,94,68,1.63,broken clouds
483,Salalah,OM,2021-12-03 01:50:29,17.0151,54.0924,73.15,65,1,3.53,clear sky
484,Haapiti,PF,2021-12-03 01:50:29,-17.5667,-149.8667,85.73,72,52,19.62,broken clouds
485,Bousso,TD,2021-12-03 01:50:30,10.4795,16.7117,73.99,27,56,5.99,broken clouds
486,Buchanan,LR,2021-12-03 01:50:31,5.8808,-10.0467,78.94,86,77,4.23,light rain
487,Viedma,AR,2021-12-03 01:50:31,-40.8135,-62.9967,56.41,66,100,9.62,overcast clouds
488,Lorengau,PG,2021-12-03 01:50:32,-2.0226,147.2712,85.3,69,100,6.38,overcast clouds
489,Lastoursville,GA,2021-12-03 01:50:32,-0.8143,12.7287,72.93,98,100,1.25,moderate rain
490,Jishou,CN,2021-12-03 01:50:32,28.3167,109.7167,56.35,64,25,1.12,scattered clouds
491,Bereda,ES,2021-12-03 01:50:33,43.2686,-7.5406,46.42,100,92,1.23,overcast clouds
492,Lukovetskiy,RU,2021-12-03 01:50:34,64.2956,41.9211,17.58,93,96,6.08,overcast clouds
493,Yuncheng,CN,2021-12-03 01:50:34,35.0231,110.9928,42.6,34,0,4.18,clear sky
494,Yanaul,RU,2021-12-03 01:50:34,56.2719,54.9309,24.08,89,100,14.63,overcast clouds
495,Wenling,CN,2021-12-03 01:50:35,28.3669,121.36,52.92,47,12,3.69,few clouds
496,Bougouni,ML,2021-12-03 01:50:35,11.417,-7.479,75.97,25,100,3.06,overcast clouds
497,Hoquiam,US,2021-12-03 01:50:36,46.9809,-123.8893,45.41,78,1,5.75,clear sky
498,Buin,CL,2021-12-03 01:50:36,-33.7333,-70.75,70.74,54,0,3.15,clear sky
499,Sioux Lookout,CA,2021-12-03 01:51:37,50.1001,-91.917,15.87,86,90,6.91,overcast clouds
500,Thinadhoo,MV,2021-12-03 01:51:37,0.5333,72.9333,81.5,77,61,7.87,broken clouds
501,Swan River,CA,2021-12-03 01:51:38,52.1058,-101.2676,12.09,92,100,1.14,overcast clouds
502,Ponto Novo,BR,2021-12-03 01:51:39,-10.8628,-40.1336,76.24,67,100,3.85,overcast clouds
503,Turayf,SA,2021-12-03 01:51:39,31.6725,38.6637,41.25,87,0,3.44,clear sky
504,Yablochnyy,RU,2021-12-03 01:51:40,47.1661,142.0661,35.55,71,100,12.59,overcast clouds
505,Shatsk,RU,2021-12-03 01:51:40,54.0258,41.7119,33.24,98,100,13.18,overcast clouds
506,Ascension,US,2021-12-03 01:51:41,30.2169,-90.9001,64.4,92,1,4.61,clear sky
507,Tahta,EG,2021-12-03 01:51:41,26.7693,31.5021,53.92,56,86,7.94,overcast clouds
508,Teguldet,RU,2021-12-03 01:51:42,57.3064,88.1667,30.88,62,72,12.75,broken clouds
509,Baoshan,CN,2021-12-03 01:47:26,46.5586,131.4244,12.2,71,10,10.85,clear sky
510,Chadan,RU,2021-12-03 01:51:42,51.2833,91.5833,-9.99,97,80,1.32,broken clouds
511,Puerto Del Rosario,ES,2021-12-03 01:51:43,28.5004,-13.8627,64.15,63,21,16.11,few clouds
512,Road Town,VG,2021-12-03 01:51:43,18.4167,-64.6167,80.64,74,20,6.91,few clouds
513,Zakamensk,RU,2021-12-03 01:51:44,50.3741,103.2863,13.82,77,11,3.24,few clouds
514,Makokou,GA,2021-12-03 01:51:44,0.5738,12.8642,69.58,99,100,1.32,moderate rain
515,Altamira,BR,2021-12-03 01:51:45,-3.2033,-52.2064,76.95,85,99,2.35,overcast clouds
516,The Pas,CA,2021-12-03 01:51:45,53.8251,-101.2541,8.62,85,90,10.36,light snow
517,Quatre Cocos,MU,2021-12-03 01:51:45,-20.2078,57.7625,77.11,80,20,11.7,light rain
518,Tezu,IN,2021-12-03 01:51:46,27.9167,96.1667,70.93,45,27,0.6,scattered clouds
519,Bitung,ID,2021-12-03 01:51:46,1.4451,125.1824,88.65,68,92,2.3,overcast clouds
520,Porto Novo,BJ,2021-12-03 01:51:47,6.4965,2.6036,82.22,85,91,4.41,overcast clouds
521,Kundla,IN,2021-12-03 01:51:48,21.3333,71.3,59.58,66,0,8.5,clear sky
522,Sri Aman,MY,2021-12-03 01:51:48,1.2376,111.4621,80.65,89,20,0.0,few clouds
523,Adamas,GR,2021-12-03 01:51:48,36.7333,24.4333,63.37,73,26,22.53,scattered clouds
524,Joensuu,FI,2021-12-03 01:51:49,62.6012,29.7632,9.09,92,90,4.61,light shower snow
525,Gravdal,NO,2021-12-03 01:51:50,68.1214,13.5031,31.66,51,86,14.5,overcast clouds
526,Kamaishi,JP,2021-12-03 01:51:50,39.2667,141.8833,38.35,89,91,16.6,overcast clouds
527,General Jose Eduvigis Diaz,PY,2021-12-03 01:51:51,-27.1667,-58.4167,75.24,62,0,6.69,clear sky
528,Awbari,LY,2021-12-03 01:51:51,26.5921,12.7805,62.47,33,99,11.34,overcast clouds
529,Ponta Pora,BR,2021-12-03 01:51:52,-22.5361,-55.7256,70.66,45,1,3.74,clear sky
530,Shingu,JP,2021-12-03 01:51:52,33.7333,135.9833,54.59,52,0,2.1,clear sky
531,Karratha,AU,2021-12-03 01:47:43,-20.7377,116.8463,98.53,18,5,10.25,clear sky
532,Svetlaya,RU,2021-12-03 01:51:53,46.5389,138.3297,32.76,57,100,7.49,overcast clouds
533,Santa Cruz,BO,2021-12-03 01:51:53,-17.8,-63.1667,72.86,94,20,11.5,few clouds
534,Anloga,GH,2021-12-03 01:51:54,5.7947,0.8973,80.82,80,26,9.17,scattered clouds
535,Mafinga,TZ,2021-12-03 01:51:54,-7.25,35.0667,67.08,73,6,1.99,clear sky
536,Alice Springs,AU,2021-12-03 01:47:30,-23.7,133.8833,98.15,12,0,17.27,clear sky
537,Herat,AF,2021-12-03 01:51:55,34.5,62.0,56.53,24,99,6.06,overcast clouds
538,Maragogi,BR,2021-12-03 01:50:26,-9.0122,-35.2225,78.3,82,100,9.04,overcast clouds
539,Ottersberg,DE,2021-12-03 01:51:56,53.1,9.15,33.19,89,96,12.41,overcast clouds
540,Rena,NO,2021-12-03 01:51:56,61.1348,11.3641,13.82,95,80,2.71,broken clouds
541,Minab,IR,2021-12-03 01:51:57,27.1467,57.0801,62.1,69,0,5.3,clear sky
542,High Level,CA,2021-12-03 01:51:57,58.5169,-117.136,5.11,85,90,4.61,light snow
543,Kapit,MY,2021-12-03 01:51:58,2.0167,112.9333,86.14,67,87,0.6,overcast clouds
544,Talcahuano,CL,2021-12-03 01:51:58,-36.7167,-73.1167,55.08,71,0,18.41,clear sky
545,Ixtapa,MX,2021-12-03 01:51:59,20.7,-105.2,78.22,87,96,1.81,overcast clouds
546,Curitibanos,BR,2021-12-03 01:51:59,-27.2828,-50.5844,57.99,87,98,6.46,overcast clouds
547,Ourossogui,SN,2021-12-03 01:53:00,15.6064,-13.3211,79.2,14,66,8.08,broken clouds
548,Sept-Iles,CA,2021-12-03 01:48:55,50.2001,-66.3821,36.12,93,90,20.71,overcast clouds
549,Rock Hill,US,2021-12-03 01:53:01,34.9249,-81.0251,62.1,64,1,9.22,clear sky
550,Tuatapere,NZ,2021-12-03 01:53:01,-46.1333,167.6833,65.14,83,77,2.77,broken clouds
551,Cumpas,MX,2021-12-03 01:53:02,29.9833,-109.7833,63.59,37,1,2.24,clear sky
552,Atar,MR,2021-12-03 01:53:02,20.5169,-13.0499,68.56,23,100,13.4,overcast clouds
553,Kristinehamn,SE,2021-12-03 01:53:03,59.3098,14.1081,18.16,68,100,4.68,overcast clouds
554,Ilhabela,BR,2021-12-03 01:53:03,-23.7781,-45.3581,70.74,86,99,5.21,overcast clouds
555,Mtsamboro,YT,2021-12-03 01:53:04,-12.6998,45.0689,76.32,74,0,4.43,light rain
556,Ternate,ID,2021-12-03 01:53:05,0.8,127.4,84.94,67,97,7.07,moderate rain
557,Fernley,US,2021-12-03 01:53:05,39.608,-119.2518,56.41,44,4,2.19,clear sky
558,Pemangkat,ID,2021-12-03 01:53:05,1.1667,108.9667,81.55,79,62,9.13,broken clouds
559,Iquique,CL,2021-12-03 01:53:06,-20.2208,-70.1431,64.44,64,7,0.43,clear sky
560,Kalevala,RU,2021-12-03 01:53:07,65.2,31.1667,12.22,98,99,4.94,overcast clouds
561,Staraya Mayna,RU,2021-12-03 01:53:07,54.6,48.95,28.51,88,100,14.81,overcast clouds
562,Diffa,NE,2021-12-03 01:53:08,13.3154,12.6113,69.01,33,37,9.89,scattered clouds
563,Iskateley,RU,2021-12-03 01:53:08,67.6803,53.1512,7.36,87,100,16.84,overcast clouds
564,Nago,JP,2021-12-03 01:53:08,26.5881,127.9761,68.45,51,60,12.71,broken clouds
565,Matara,LK,2021-12-03 01:52:26,5.9485,80.5353,78.82,81,6,1.32,clear sky
566,Oranjemund,NA,2021-12-03 01:53:09,-28.55,16.4333,58.24,82,77,12.53,broken clouds
567,Moses Lake,US,2021-12-03 01:53:10,47.1301,-119.2781,45.61,49,100,2.15,overcast clouds
568,Beloha,MG,2021-12-03 01:53:10,-25.1667,45.05,70.95,79,0,9.89,clear sky
569,Susanville,US,2021-12-03 01:53:11,40.4163,-120.653,49.48,52,0,1.77,clear sky
570,Sacramento,US,2021-12-03 01:50:38,38.4666,-121.3177,65.1,83,1,0.0,clear sky
571,Arman,RU,2021-12-03 01:53:11,59.7,150.1667,-2.0,97,100,9.64,light snow
